constant_name,problem,metric,direction,default_rank,best_level,rank_min,rank_max,rank_range,a1_a5_formal_experiment_source_snapshot_sha256,a1_a5_postprocessing_source_snapshot_sha256,e3_formal_experiment_source_snapshot_sha256,global_postprocessing_source_snapshot_sha256
lp,DASCMOP7_difficulty7,gd,lower,1,default,1,3,2,fea6fd4c3a2686c3c7e5163cc20db0b56f5d2c01cb419c45ad763398553c6b6f,ea87b60277ba4152b4eee6da461042232cf02a9b494bfc17639dee0ddff760b6,fea6fd4c3a2686c3c7e5163cc20db0b56f5d2c01cb419c45ad763398553c6b6f,a5ae0207e9ab3cb74b04028cf7438a3f0869e6f5aa8648504717ddc3211af765
lp,DASCMOP7_difficulty7,hv,higher,1,default,1,3,2,fea6fd4c3a2686c3c7e5163cc20db0b56f5d2c01cb419c45ad763398553c6b6f,ea87b60277ba4152b4eee6da461042232cf02a9b494bfc17639dee0ddff760b6,fea6fd4c3a2686c3c7e5163cc20db0b56f5d2c01cb419c45ad763398553c6b6f,a5ae0207e9ab3cb74b04028cf7438a3f0869e6f5aa8648504717ddc3211af765
lp,DASCMOP7_difficulty7,igd,lower,1,default,1,3,2,fea6fd4c3a2686c3c7e5163cc20db0b56f5d2c01cb419c45ad763398553c6b6f,ea87b60277ba4152b4eee6da461042232cf02a9b494bfc17639dee0ddff760b6,fea6fd4c3a2686c3c7e5163cc20db0b56f5d2c01cb419c45ad763398553c6b6f,a5ae0207e9ab3cb74b04028cf7438a3f0869e6f5aa8648504717ddc3211af765
lp,DASCMOP7_difficulty7,igd_plus,lower,1,default,1,3,2,fea6fd4c3a2686c3c7e5163cc20db0b56f5d2c01cb419c45ad763398553c6b6f,ea87b60277ba4152b4eee6da461042232cf02a9b494bfc17639dee0ddff760b6,fea6fd4c3a2686c3c7e5163cc20db0b56f5d2c01cb419c45ad763398553c6b6f,a5ae0207e9ab3cb74b04028cf7438a3f0869e6f5aa8648504717ddc3211af765
lp,DASCMOP7_difficulty7,spread,lower,1,default,1,3,2,fea6fd4c3a2686c3c7e5163cc20db0b56f5d2c01cb419c45ad763398553c6b6f,ea87b60277ba4152b4eee6da461042232cf02a9b494bfc17639dee0ddff760b6,fea6fd4c3a2686c3c7e5163cc20db0b56f5d2c01cb419c45ad763398553c6b6f,a5ae0207e9ab3cb74b04028cf7438a3f0869e6f5aa8648504717ddc3211af765
lp,DASCMOP7_difficulty7,time_s,lower,2,low,1,3,2,fea6fd4c3a2686c3c7e5163cc20db0b56f5d2c01cb419c45ad763398553c6b6f,ea87b60277ba4152b4eee6da461042232cf02a9b494bfc17639dee0ddff760b6,fea6fd4c3a2686c3c7e5163cc20db0b56f5d2c01cb419c45ad763398553c6b6f,a5ae0207e9ab3cb74b04028cf7438a3f0869e6f5aa8648504717ddc3211af765
lp,DTLZ2_n_obj3,gd,lower,2,low,1,3,2,fea6fd4c3a2686c3c7e5163cc20db0b56f5d2c01cb419c45ad763398553c6b6f,ea87b60277ba4152b4eee6da461042232cf02a9b494bfc17639dee0ddff760b6,fea6fd4c3a2686c3c7e5163cc20db0b56f5d2c01cb419c45ad763398553c6b6f,a5ae0207e9ab3cb74b04028cf7438a3f0869e6f5aa8648504717ddc3211af765
lp,DTLZ2_n_obj3,hv,higher,3,high,1,3,2,fea6fd4c3a2686c3c7e5163cc20db0b56f5d2c01cb419c45ad763398553c6b6f,ea87b60277ba4152b4eee6da461042232cf02a9b494bfc17639dee0ddff760b6,fea6fd4c3a2686c3c7e5163cc20db0b56f5d2c01cb419c45ad763398553c6b6f,a5ae0207e9ab3cb74b04028cf7438a3f0869e6f5aa8648504717ddc3211af765
lp,DTLZ2_n_obj3,igd,lower,3,high,1,3,2,fea6fd4c3a2686c3c7e5163cc20db0b56f5d2c01cb419c45ad763398553c6b6f,ea87b60277ba4152b4eee6da461042232cf02a9b494bfc17639dee0ddff760b6,fea6fd4c3a2686c3c7e5163cc20db0b56f5d2c01cb419c45ad763398553c6b6f,a5ae0207e9ab3cb74b04028cf7438a3f0869e6f5aa8648504717ddc3211af765
lp,DTLZ2_n_obj3,igd_plus,lower,3,low,1,3,2,fea6fd4c3a2686c3c7e5163cc20db0b56f5d2c01cb419c45ad763398553c6b6f,ea87b60277ba4152b4eee6da461042232cf02a9b494bfc17639dee0ddff760b6,fea6fd4c3a2686c3c7e5163cc20db0b56f5d2c01cb419c45ad763398553c6b6f,a5ae0207e9ab3cb74b04028cf7438a3f0869e6f5aa8648504717ddc3211af765
lp,DTLZ2_n_obj3,spread,lower,1,default,1,3,2,fea6fd4c3a2686c3c7e5163cc20db0b56f5d2c01cb419c45ad763398553c6b6f,ea87b60277ba4152b4eee6da461042232cf02a9b494bfc17639dee0ddff760b6,fea6fd4c3a2686c3c7e5163cc20db0b56f5d2c01cb419c45ad763398553c6b6f,a5ae0207e9ab3cb74b04028cf7438a3f0869e6f5aa8648504717ddc3211af765
lp,DTLZ2_n_obj3,time_s,lower,2,low,1,3,2,fea6fd4c3a2686c3c7e5163cc20db0b56f5d2c01cb419c45ad763398553c6b6f,ea87b60277ba4152b4eee6da461042232cf02a9b494bfc17639dee0ddff760b6,fea6fd4c3a2686c3c7e5163cc20db0b56f5d2c01cb419c45ad763398553c6b6f,a5ae0207e9ab3cb74b04028cf7438a3f0869e6f5aa8648504717ddc3211af765
lp,WFG4,gd,lower,3,high,1,3,2,fea6fd4c3a2686c3c7e5163cc20db0b56f5d2c01cb419c45ad763398553c6b6f,ea87b60277ba4152b4eee6da461042232cf02a9b494bfc17639dee0ddff760b6,fea6fd4c3a2686c3c7e5163cc20db0b56f5d2c01cb419c45ad763398553c6b6f,a5ae0207e9ab3cb74b04028cf7438a3f0869e6f5aa8648504717ddc3211af765
lp,WFG4,hv,higher,3,low,1,3,2,fea6fd4c3a2686c3c7e5163cc20db0b56f5d2c01cb419c45ad763398553c6b6f,ea87b60277ba4152b4eee6da461042232cf02a9b494bfc17639dee0ddff760b6,fea6fd4c3a2686c3c7e5163cc20db0b56f5d2c01cb419c45ad763398553c6b6f,a5ae0207e9ab3cb74b04028cf7438a3f0869e6f5aa8648504717ddc3211af765
lp,WFG4,igd,lower,3,high,1,3,2,fea6fd4c3a2686c3c7e5163cc20db0b56f5d2c01cb419c45ad763398553c6b6f,ea87b60277ba4152b4eee6da461042232cf02a9b494bfc17639dee0ddff760b6,fea6fd4c3a2686c3c7e5163cc20db0b56f5d2c01cb419c45ad763398553c6b6f,a5ae0207e9ab3cb74b04028cf7438a3f0869e6f5aa8648504717ddc3211af765
lp,WFG4,igd_plus,lower,2,low,1,3,2,fea6fd4c3a2686c3c7e5163cc20db0b56f5d2c01cb419c45ad763398553c6b6f,ea87b60277ba4152b4eee6da461042232cf02a9b494bfc17639dee0ddff760b6,fea6fd4c3a2686c3c7e5163cc20db0b56f5d2c01cb419c45ad763398553c6b6f,a5ae0207e9ab3cb74b04028cf7438a3f0869e6f5aa8648504717ddc3211af765
lp,WFG4,spread,lower,3,low,1,3,2,fea6fd4c3a2686c3c7e5163cc20db0b56f5d2c01cb419c45ad763398553c6b6f,ea87b60277ba4152b4eee6da461042232cf02a9b494bfc17639dee0ddff760b6,fea6fd4c3a2686c3c7e5163cc20db0b56f5d2c01cb419c45ad763398553c6b6f,a5ae0207e9ab3cb74b04028cf7438a3f0869e6f5aa8648504717ddc3211af765
lp,WFG4,time_s,lower,2,low,1,3,2,fea6fd4c3a2686c3c7e5163cc20db0b56f5d2c01cb419c45ad763398553c6b6f,ea87b60277ba4152b4eee6da461042232cf02a9b494bfc17639dee0ddff760b6,fea6fd4c3a2686c3c7e5163cc20db0b56f5d2c01cb419c45ad763398553c6b6f,a5ae0207e9ab3cb74b04028cf7438a3f0869e6f5aa8648504717ddc3211af765
lp,WFG9,gd,lower,3,low,1,3,2,fea6fd4c3a2686c3c7e5163cc20db0b56f5d2c01cb419c45ad763398553c6b6f,ea87b60277ba4152b4eee6da461042232cf02a9b494bfc17639dee0ddff760b6,fea6fd4c3a2686c3c7e5163cc20db0b56f5d2c01cb419c45ad763398553c6b6f,a5ae0207e9ab3cb74b04028cf7438a3f0869e6f5aa8648504717ddc3211af765
lp,WFG9,hv,higher,1,default,1,3,2,fea6fd4c3a2686c3c7e5163cc20db0b56f5d2c01cb419c45ad763398553c6b6f,ea87b60277ba4152b4eee6da461042232cf02a9b494bfc17639dee0ddff760b6,fea6fd4c3a2686c3c7e5163cc20db0b56f5d2c01cb419c45ad763398553c6b6f,a5ae0207e9ab3cb74b04028cf7438a3f0869e6f5aa8648504717ddc3211af765
lp,WFG9,igd,lower,3,high,1,3,2,fea6fd4c3a2686c3c7e5163cc20db0b56f5d2c01cb419c45ad763398553c6b6f,ea87b60277ba4152b4eee6da461042232cf02a9b494bfc17639dee0ddff760b6,fea6fd4c3a2686c3c7e5163cc20db0b56f5d2c01cb419c45ad763398553c6b6f,a5ae0207e9ab3cb74b04028cf7438a3f0869e6f5aa8648504717ddc3211af765
lp,WFG9,igd_plus,lower,2,high,1,3,2,fea6fd4c3a2686c3c7e5163cc20db0b56f5d2c01cb419c45ad763398553c6b6f,ea87b60277ba4152b4eee6da461042232cf02a9b494bfc17639dee0ddff760b6,fea6fd4c3a2686c3c7e5163cc20db0b56f5d2c01cb419c45ad763398553c6b6f,a5ae0207e9ab3cb74b04028cf7438a3f0869e6f5aa8648504717ddc3211af765
lp,WFG9,spread,lower,1,default,1,3,2,fea6fd4c3a2686c3c7e5163cc20db0b56f5d2c01cb419c45ad763398553c6b6f,ea87b60277ba4152b4eee6da461042232cf02a9b494bfc17639dee0ddff760b6,fea6fd4c3a2686c3c7e5163cc20db0b56f5d2c01cb419c45ad763398553c6b6f,a5ae0207e9ab3cb74b04028cf7438a3f0869e6f5aa8648504717ddc3211af765
lp,WFG9,time_s,lower,2,low,1,3,2,fea6fd4c3a2686c3c7e5163cc20db0b56f5d2c01cb419c45ad763398553c6b6f,ea87b60277ba4152b4eee6da461042232cf02a9b494bfc17639dee0ddff760b6,fea6fd4c3a2686c3c7e5163cc20db0b56f5d2c01cb419c45ad763398553c6b6f,a5ae0207e9ab3cb74b04028cf7438a3f0869e6f5aa8648504717ddc3211af765
lp,ZDT1,gd,lower,2,low,1,3,2,fea6fd4c3a2686c3c7e5163cc20db0b56f5d2c01cb419c45ad763398553c6b6f,ea87b60277ba4152b4eee6da461042232cf02a9b494bfc17639dee0ddff760b6,fea6fd4c3a2686c3c7e5163cc20db0b56f5d2c01cb419c45ad763398553c6b6f,a5ae0207e9ab3cb74b04028cf7438a3f0869e6f5aa8648504717ddc3211af765
lp,ZDT1,hv,higher,2,high,1,3,2,fea6fd4c3a2686c3c7e5163cc20db0b56f5d2c01cb419c45ad763398553c6b6f,ea87b60277ba4152b4eee6da461042232cf02a9b494bfc17639dee0ddff760b6,fea6fd4c3a2686c3c7e5163cc20db0b56f5d2c01cb419c45ad763398553c6b6f,a5ae0207e9ab3cb74b04028cf7438a3f0869e6f5aa8648504717ddc3211af765
lp,ZDT1,igd,lower,2,low,1,3,2,fea6fd4c3a2686c3c7e5163cc20db0b56f5d2c01cb419c45ad763398553c6b6f,ea87b60277ba4152b4eee6da461042232cf02a9b494bfc17639dee0ddff760b6,fea6fd4c3a2686c3c7e5163cc20db0b56f5d2c01cb419c45ad763398553c6b6f,a5ae0207e9ab3cb74b04028cf7438a3f0869e6f5aa8648504717ddc3211af765
lp,ZDT1,igd_plus,lower,2,low,1,3,2,fea6fd4c3a2686c3c7e5163cc20db0b56f5d2c01cb419c45ad763398553c6b6f,ea87b60277ba4152b4eee6da461042232cf02a9b494bfc17639dee0ddff760b6,fea6fd4c3a2686c3c7e5163cc20db0b56f5d2c01cb419c45ad763398553c6b6f,a5ae0207e9ab3cb74b04028cf7438a3f0869e6f5aa8648504717ddc3211af765
lp,ZDT1,spread,lower,1,default,1,3,2,fea6fd4c3a2686c3c7e5163cc20db0b56f5d2c01cb419c45ad763398553c6b6f,ea87b60277ba4152b4eee6da461042232cf02a9b494bfc17639dee0ddff760b6,fea6fd4c3a2686c3c7e5163cc20db0b56f5d2c01cb419c45ad763398553c6b6f,a5ae0207e9ab3cb74b04028cf7438a3f0869e6f5aa8648504717ddc3211af765
lp,ZDT1,time_s,lower,2,low,1,3,2,fea6fd4c3a2686c3c7e5163cc20db0b56f5d2c01cb419c45ad763398553c6b6f,ea87b60277ba4152b4eee6da461042232cf02a9b494bfc17639dee0ddff760b6,fea6fd4c3a2686c3c7e5163cc20db0b56f5d2c01cb419c45ad763398553c6b6f,a5ae0207e9ab3cb74b04028cf7438a3f0869e6f5aa8648504717ddc3211af765
lp,ZDT3,gd,lower,3,high,1,3,2,fea6fd4c3a2686c3c7e5163cc20db0b56f5d2c01cb419c45ad763398553c6b6f,ea87b60277ba4152b4eee6da461042232cf02a9b494bfc17639dee0ddff760b6,fea6fd4c3a2686c3c7e5163cc20db0b56f5d2c01cb419c45ad763398553c6b6f,a5ae0207e9ab3cb74b04028cf7438a3f0869e6f5aa8648504717ddc3211af765
lp,ZDT3,hv,higher,1,default,1,3,2,fea6fd4c3a2686c3c7e5163cc20db0b56f5d2c01cb419c45ad763398553c6b6f,ea87b60277ba4152b4eee6da461042232cf02a9b494bfc17639dee0ddff760b6,fea6fd4c3a2686c3c7e5163cc20db0b56f5d2c01cb419c45ad763398553c6b6f,a5ae0207e9ab3cb74b04028cf7438a3f0869e6f5aa8648504717ddc3211af765
lp,ZDT3,igd,lower,3,low,1,3,2,fea6fd4c3a2686c3c7e5163cc20db0b56f5d2c01cb419c45ad763398553c6b6f,ea87b60277ba4152b4eee6da461042232cf02a9b494bfc17639dee0ddff760b6,fea6fd4c3a2686c3c7e5163cc20db0b56f5d2c01cb419c45ad763398553c6b6f,a5ae0207e9ab3cb74b04028cf7438a3f0869e6f5aa8648504717ddc3211af765
lp,ZDT3,igd_plus,lower,1,default,1,3,2,fea6fd4c3a2686c3c7e5163cc20db0b56f5d2c01cb419c45ad763398553c6b6f,ea87b60277ba4152b4eee6da461042232cf02a9b494bfc17639dee0ddff760b6,fea6fd4c3a2686c3c7e5163cc20db0b56f5d2c01cb419c45ad763398553c6b6f,a5ae0207e9ab3cb74b04028cf7438a3f0869e6f5aa8648504717ddc3211af765
lp,ZDT3,spread,lower,3,low,1,3,2,fea6fd4c3a2686c3c7e5163cc20db0b56f5d2c01cb419c45ad763398553c6b6f,ea87b60277ba4152b4eee6da461042232cf02a9b494bfc17639dee0ddff760b6,fea6fd4c3a2686c3c7e5163cc20db0b56f5d2c01cb419c45ad763398553c6b6f,a5ae0207e9ab3cb74b04028cf7438a3f0869e6f5aa8648504717ddc3211af765
lp,ZDT3,time_s,lower,3,low,1,3,2,fea6fd4c3a2686c3c7e5163cc20db0b56f5d2c01cb419c45ad763398553c6b6f,ea87b60277ba4152b4eee6da461042232cf02a9b494bfc17639dee0ddff760b6,fea6fd4c3a2686c3c7e5163cc20db0b56f5d2c01cb419c45ad763398553c6b6f,a5ae0207e9ab3cb74b04028cf7438a3f0869e6f5aa8648504717ddc3211af765
memory_H,DASCMOP7_difficulty7,gd,lower,1,default,1,3,2,fea6fd4c3a2686c3c7e5163cc20db0b56f5d2c01cb419c45ad763398553c6b6f,ea87b60277ba4152b4eee6da461042232cf02a9b494bfc17639dee0ddff760b6,fea6fd4c3a2686c3c7e5163cc20db0b56f5d2c01cb419c45ad763398553c6b6f,a5ae0207e9ab3cb74b04028cf7438a3f0869e6f5aa8648504717ddc3211af765
memory_H,DASCMOP7_difficulty7,hv,higher,1,default,1,3,2,fea6fd4c3a2686c3c7e5163cc20db0b56f5d2c01cb419c45ad763398553c6b6f,ea87b60277ba4152b4eee6da461042232cf02a9b494bfc17639dee0ddff760b6,fea6fd4c3a2686c3c7e5163cc20db0b56f5d2c01cb419c45ad763398553c6b6f,a5ae0207e9ab3cb74b04028cf7438a3f0869e6f5aa8648504717ddc3211af765
memory_H,DASCMOP7_difficulty7,igd,lower,1,default,1,3,2,fea6fd4c3a2686c3c7e5163cc20db0b56f5d2c01cb419c45ad763398553c6b6f,ea87b60277ba4152b4eee6da461042232cf02a9b494bfc17639dee0ddff760b6,fea6fd4c3a2686c3c7e5163cc20db0b56f5d2c01cb419c45ad763398553c6b6f,a5ae0207e9ab3cb74b04028cf7438a3f0869e6f5aa8648504717ddc3211af765
memory_H,DASCMOP7_difficulty7,igd_plus,lower,1,default,1,3,2,fea6fd4c3a2686c3c7e5163cc20db0b56f5d2c01cb419c45ad763398553c6b6f,ea87b60277ba4152b4eee6da461042232cf02a9b494bfc17639dee0ddff760b6,fea6fd4c3a2686c3c7e5163cc20db0b56f5d2c01cb419c45ad763398553c6b6f,a5ae0207e9ab3cb74b04028cf7438a3f0869e6f5aa8648504717ddc3211af765
memory_H,DASCMOP7_difficulty7,spread,lower,1,default,1,3,2,fea6fd4c3a2686c3c7e5163cc20db0b56f5d2c01cb419c45ad763398553c6b6f,ea87b60277ba4152b4eee6da461042232cf02a9b494bfc17639dee0ddff760b6,fea6fd4c3a2686c3c7e5163cc20db0b56f5d2c01cb419c45ad763398553c6b6f,a5ae0207e9ab3cb74b04028cf7438a3f0869e6f5aa8648504717ddc3211af765
memory_H,DASCMOP7_difficulty7,time_s,lower,1,default,1,3,2,fea6fd4c3a2686c3c7e5163cc20db0b56f5d2c01cb419c45ad763398553c6b6f,ea87b60277ba4152b4eee6da461042232cf02a9b494bfc17639dee0ddff760b6,fea6fd4c3a2686c3c7e5163cc20db0b56f5d2c01cb419c45ad763398553c6b6f,a5ae0207e9ab3cb74b04028cf7438a3f0869e6f5aa8648504717ddc3211af765
memory_H,DTLZ2_n_obj3,gd,lower,3,high,1,3,2,fea6fd4c3a2686c3c7e5163cc20db0b56f5d2c01cb419c45ad763398553c6b6f,ea87b60277ba4152b4eee6da461042232cf02a9b494bfc17639dee0ddff760b6,fea6fd4c3a2686c3c7e5163cc20db0b56f5d2c01cb419c45ad763398553c6b6f,a5ae0207e9ab3cb74b04028cf7438a3f0869e6f5aa8648504717ddc3211af765
memory_H,DTLZ2_n_obj3,hv,higher,3,high,1,3,2,fea6fd4c3a2686c3c7e5163cc20db0b56f5d2c01cb419c45ad763398553c6b6f,ea87b60277ba4152b4eee6da461042232cf02a9b494bfc17639dee0ddff760b6,fea6fd4c3a2686c3c7e5163cc20db0b56f5d2c01cb419c45ad763398553c6b6f,a5ae0207e9ab3cb74b04028cf7438a3f0869e6f5aa8648504717ddc3211af765
memory_H,DTLZ2_n_obj3,igd,lower,3,low,1,3,2,fea6fd4c3a2686c3c7e5163cc20db0b56f5d2c01cb419c45ad763398553c6b6f,ea87b60277ba4152b4eee6da461042232cf02a9b494bfc17639dee0ddff760b6,fea6fd4c3a2686c3c7e5163cc20db0b56f5d2c01cb419c45ad763398553c6b6f,a5ae0207e9ab3cb74b04028cf7438a3f0869e6f5aa8648504717ddc3211af765
memory_H,DTLZ2_n_obj3,igd_plus,lower,3,low,1,3,2,fea6fd4c3a2686c3c7e5163cc20db0b56f5d2c01cb419c45ad763398553c6b6f,ea87b60277ba4152b4eee6da461042232cf02a9b494bfc17639dee0ddff760b6,fea6fd4c3a2686c3c7e5163cc20db0b56f5d2c01cb419c45ad763398553c6b6f,a5ae0207e9ab3cb74b04028cf7438a3f0869e6f5aa8648504717ddc3211af765
memory_H,DTLZ2_n_obj3,spread,lower,3,low,1,3,2,fea6fd4c3a2686c3c7e5163cc20db0b56f5d2c01cb419c45ad763398553c6b6f,ea87b60277ba4152b4eee6da461042232cf02a9b494bfc17639dee0ddff760b6,fea6fd4c3a2686c3c7e5163cc20db0b56f5d2c01cb419c45ad763398553c6b6f,a5ae0207e9ab3cb74b04028cf7438a3f0869e6f5aa8648504717ddc3211af765
memory_H,DTLZ2_n_obj3,time_s,lower,2,low,1,3,2,fea6fd4c3a2686c3c7e5163cc20db0b56f5d2c01cb419c45ad763398553c6b6f,ea87b60277ba4152b4eee6da461042232cf02a9b494bfc17639dee0ddff760b6,fea6fd4c3a2686c3c7e5163cc20db0b56f5d2c01cb419c45ad763398553c6b6f,a5ae0207e9ab3cb74b04028cf7438a3f0869e6f5aa8648504717ddc3211af765
memory_H,WFG4,gd,lower,1,default,1,3,2,fea6fd4c3a2686c3c7e5163cc20db0b56f5d2c01cb419c45ad763398553c6b6f,ea87b60277ba4152b4eee6da461042232cf02a9b494bfc17639dee0ddff760b6,fea6fd4c3a2686c3c7e5163cc20db0b56f5d2c01cb419c45ad763398553c6b6f,a5ae0207e9ab3cb74b04028cf7438a3f0869e6f5aa8648504717ddc3211af765
memory_H,WFG4,hv,higher,3,high,1,3,2,fea6fd4c3a2686c3c7e5163cc20db0b56f5d2c01cb419c45ad763398553c6b6f,ea87b60277ba4152b4eee6da461042232cf02a9b494bfc17639dee0ddff760b6,fea6fd4c3a2686c3c7e5163cc20db0b56f5d2c01cb419c45ad763398553c6b6f,a5ae0207e9ab3cb74b04028cf7438a3f0869e6f5aa8648504717ddc3211af765
memory_H,WFG4,igd,lower,2,high,1,3,2,fea6fd4c3a2686c3c7e5163cc20db0b56f5d2c01cb419c45ad763398553c6b6f,ea87b60277ba4152b4eee6da461042232cf02a9b494bfc17639dee0ddff760b6,fea6fd4c3a2686c3c7e5163cc20db0b56f5d2c01cb419c45ad763398553c6b6f,a5ae0207e9ab3cb74b04028cf7438a3f0869e6f5aa8648504717ddc3211af765
memory_H,WFG4,igd_plus,lower,3,high,1,3,2,fea6fd4c3a2686c3c7e5163cc20db0b56f5d2c01cb419c45ad763398553c6b6f,ea87b60277ba4152b4eee6da461042232cf02a9b494bfc17639dee0ddff760b6,fea6fd4c3a2686c3c7e5163cc20db0b56f5d2c01cb419c45ad763398553c6b6f,a5ae0207e9ab3cb74b04028cf7438a3f0869e6f5aa8648504717ddc3211af765
memory_H,WFG4,spread,lower,2,high,1,3,2,fea6fd4c3a2686c3c7e5163cc20db0b56f5d2c01cb419c45ad763398553c6b6f,ea87b60277ba4152b4eee6da461042232cf02a9b494bfc17639dee0ddff760b6,fea6fd4c3a2686c3c7e5163cc20db0b56f5d2c01cb419c45ad763398553c6b6f,a5ae0207e9ab3cb74b04028cf7438a3f0869e6f5aa8648504717ddc3211af765
memory_H,WFG4,time_s,lower,2,high,1,3,2,fea6fd4c3a2686c3c7e5163cc20db0b56f5d2c01cb419c45ad763398553c6b6f,ea87b60277ba4152b4eee6da461042232cf02a9b494bfc17639dee0ddff760b6,fea6fd4c3a2686c3c7e5163cc20db0b56f5d2c01cb419c45ad763398553c6b6f,a5ae0207e9ab3cb74b04028cf7438a3f0869e6f5aa8648504717ddc3211af765
memory_H,WFG9,gd,lower,3,low,1,3,2,fea6fd4c3a2686c3c7e5163cc20db0b56f5d2c01cb419c45ad763398553c6b6f,ea87b60277ba4152b4eee6da461042232cf02a9b494bfc17639dee0ddff760b6,fea6fd4c3a2686c3c7e5163cc20db0b56f5d2c01cb419c45ad763398553c6b6f,a5ae0207e9ab3cb74b04028cf7438a3f0869e6f5aa8648504717ddc3211af765
memory_H,WFG9,hv,higher,1,default,1,3,2,fea6fd4c3a2686c3c7e5163cc20db0b56f5d2c01cb419c45ad763398553c6b6f,ea87b60277ba4152b4eee6da461042232cf02a9b494bfc17639dee0ddff760b6,fea6fd4c3a2686c3c7e5163cc20db0b56f5d2c01cb419c45ad763398553c6b6f,a5ae0207e9ab3cb74b04028cf7438a3f0869e6f5aa8648504717ddc3211af765
memory_H,WFG9,igd,lower,1,default,1,3,2,fea6fd4c3a2686c3c7e5163cc20db0b56f5d2c01cb419c45ad763398553c6b6f,ea87b60277ba4152b4eee6da461042232cf02a9b494bfc17639dee0ddff760b6,fea6fd4c3a2686c3c7e5163cc20db0b56f5d2c01cb419c45ad763398553c6b6f,a5ae0207e9ab3cb74b04028cf7438a3f0869e6f5aa8648504717ddc3211af765
memory_H,WFG9,igd_plus,lower,2,high,1,3,2,fea6fd4c3a2686c3c7e5163cc20db0b56f5d2c01cb419c45ad763398553c6b6f,ea87b60277ba4152b4eee6da461042232cf02a9b494bfc17639dee0ddff760b6,fea6fd4c3a2686c3c7e5163cc20db0b56f5d2c01cb419c45ad763398553c6b6f,a5ae0207e9ab3cb74b04028cf7438a3f0869e6f5aa8648504717ddc3211af765
memory_H,WFG9,spread,lower,1,default,1,3,2,fea6fd4c3a2686c3c7e5163cc20db0b56f5d2c01cb419c45ad763398553c6b6f,ea87b60277ba4152b4eee6da461042232cf02a9b494bfc17639dee0ddff760b6,fea6fd4c3a2686c3c7e5163cc20db0b56f5d2c01cb419c45ad763398553c6b6f,a5ae0207e9ab3cb74b04028cf7438a3f0869e6f5aa8648504717ddc3211af765
memory_H,WFG9,time_s,lower,2,high,1,3,2,fea6fd4c3a2686c3c7e5163cc20db0b56f5d2c01cb419c45ad763398553c6b6f,ea87b60277ba4152b4eee6da461042232cf02a9b494bfc17639dee0ddff760b6,fea6fd4c3a2686c3c7e5163cc20db0b56f5d2c01cb419c45ad763398553c6b6f,a5ae0207e9ab3cb74b04028cf7438a3f0869e6f5aa8648504717ddc3211af765
memory_H,ZDT1,gd,lower,1,default,1,3,2,fea6fd4c3a2686c3c7e5163cc20db0b56f5d2c01cb419c45ad763398553c6b6f,ea87b60277ba4152b4eee6da461042232cf02a9b494bfc17639dee0ddff760b6,fea6fd4c3a2686c3c7e5163cc20db0b56f5d2c01cb419c45ad763398553c6b6f,a5ae0207e9ab3cb74b04028cf7438a3f0869e6f5aa8648504717ddc3211af765
memory_H,ZDT1,hv,higher,2,low,1,3,2,fea6fd4c3a2686c3c7e5163cc20db0b56f5d2c01cb419c45ad763398553c6b6f,ea87b60277ba4152b4eee6da461042232cf02a9b494bfc17639dee0ddff760b6,fea6fd4c3a2686c3c7e5163cc20db0b56f5d2c01cb419c45ad763398553c6b6f,a5ae0207e9ab3cb74b04028cf7438a3f0869e6f5aa8648504717ddc3211af765
memory_H,ZDT1,igd,lower,1,default,1,3,2,fea6fd4c3a2686c3c7e5163cc20db0b56f5d2c01cb419c45ad763398553c6b6f,ea87b60277ba4152b4eee6da461042232cf02a9b494bfc17639dee0ddff760b6,fea6fd4c3a2686c3c7e5163cc20db0b56f5d2c01cb419c45ad763398553c6b6f,a5ae0207e9ab3cb74b04028cf7438a3f0869e6f5aa8648504717ddc3211af765
memory_H,ZDT1,igd_plus,lower,1,default,1,3,2,fea6fd4c3a2686c3c7e5163cc20db0b56f5d2c01cb419c45ad763398553c6b6f,ea87b60277ba4152b4eee6da461042232cf02a9b494bfc17639dee0ddff760b6,fea6fd4c3a2686c3c7e5163cc20db0b56f5d2c01cb419c45ad763398553c6b6f,a5ae0207e9ab3cb74b04028cf7438a3f0869e6f5aa8648504717ddc3211af765
memory_H,ZDT1,spread,lower,3,low,1,3,2,fea6fd4c3a2686c3c7e5163cc20db0b56f5d2c01cb419c45ad763398553c6b6f,ea87b60277ba4152b4eee6da461042232cf02a9b494bfc17639dee0ddff760b6,fea6fd4c3a2686c3c7e5163cc20db0b56f5d2c01cb419c45ad763398553c6b6f,a5ae0207e9ab3cb74b04028cf7438a3f0869e6f5aa8648504717ddc3211af765
memory_H,ZDT1,time_s,lower,2,high,1,3,2,fea6fd4c3a2686c3c7e5163cc20db0b56f5d2c01cb419c45ad763398553c6b6f,ea87b60277ba4152b4eee6da461042232cf02a9b494bfc17639dee0ddff760b6,fea6fd4c3a2686c3c7e5163cc20db0b56f5d2c01cb419c45ad763398553c6b6f,a5ae0207e9ab3cb74b04028cf7438a3f0869e6f5aa8648504717ddc3211af765
memory_H,ZDT3,gd,lower,3,low,1,3,2,fea6fd4c3a2686c3c7e5163cc20db0b56f5d2c01cb419c45ad763398553c6b6f,ea87b60277ba4152b4eee6da461042232cf02a9b494bfc17639dee0ddff760b6,fea6fd4c3a2686c3c7e5163cc20db0b56f5d2c01cb419c45ad763398553c6b6f,a5ae0207e9ab3cb74b04028cf7438a3f0869e6f5aa8648504717ddc3211af765
memory_H,ZDT3,hv,higher,1,default,1,3,2,fea6fd4c3a2686c3c7e5163cc20db0b56f5d2c01cb419c45ad763398553c6b6f,ea87b60277ba4152b4eee6da461042232cf02a9b494bfc17639dee0ddff760b6,fea6fd4c3a2686c3c7e5163cc20db0b56f5d2c01cb419c45ad763398553c6b6f,a5ae0207e9ab3cb74b04028cf7438a3f0869e6f5aa8648504717ddc3211af765
memory_H,ZDT3,igd,lower,2,high,1,3,2,fea6fd4c3a2686c3c7e5163cc20db0b56f5d2c01cb419c45ad763398553c6b6f,ea87b60277ba4152b4eee6da461042232cf02a9b494bfc17639dee0ddff760b6,fea6fd4c3a2686c3c7e5163cc20db0b56f5d2c01cb419c45ad763398553c6b6f,a5ae0207e9ab3cb74b04028cf7438a3f0869e6f5aa8648504717ddc3211af765
memory_H,ZDT3,igd_plus,lower,1,default,1,3,2,fea6fd4c3a2686c3c7e5163cc20db0b56f5d2c01cb419c45ad763398553c6b6f,ea87b60277ba4152b4eee6da461042232cf02a9b494bfc17639dee0ddff760b6,fea6fd4c3a2686c3c7e5163cc20db0b56f5d2c01cb419c45ad763398553c6b6f,a5ae0207e9ab3cb74b04028cf7438a3f0869e6f5aa8648504717ddc3211af765
memory_H,ZDT3,spread,lower,3,low,1,3,2,fea6fd4c3a2686c3c7e5163cc20db0b56f5d2c01cb419c45ad763398553c6b6f,ea87b60277ba4152b4eee6da461042232cf02a9b494bfc17639dee0ddff760b6,fea6fd4c3a2686c3c7e5163cc20db0b56f5d2c01cb419c45ad763398553c6b6f,a5ae0207e9ab3cb74b04028cf7438a3f0869e6f5aa8648504717ddc3211af765
memory_H,ZDT3,time_s,lower,2,high,1,3,2,fea6fd4c3a2686c3c7e5163cc20db0b56f5d2c01cb419c45ad763398553c6b6f,ea87b60277ba4152b4eee6da461042232cf02a9b494bfc17639dee0ddff760b6,fea6fd4c3a2686c3c7e5163cc20db0b56f5d2c01cb419c45ad763398553c6b6f,a5ae0207e9ab3cb74b04028cf7438a3f0869e6f5aa8648504717ddc3211af765
pi_min,DASCMOP7_difficulty7,gd,lower,1,default,1,3,2,fea6fd4c3a2686c3c7e5163cc20db0b56f5d2c01cb419c45ad763398553c6b6f,ea87b60277ba4152b4eee6da461042232cf02a9b494bfc17639dee0ddff760b6,fea6fd4c3a2686c3c7e5163cc20db0b56f5d2c01cb419c45ad763398553c6b6f,a5ae0207e9ab3cb74b04028cf7438a3f0869e6f5aa8648504717ddc3211af765
pi_min,DASCMOP7_difficulty7,hv,higher,1,default,1,3,2,fea6fd4c3a2686c3c7e5163cc20db0b56f5d2c01cb419c45ad763398553c6b6f,ea87b60277ba4152b4eee6da461042232cf02a9b494bfc17639dee0ddff760b6,fea6fd4c3a2686c3c7e5163cc20db0b56f5d2c01cb419c45ad763398553c6b6f,a5ae0207e9ab3cb74b04028cf7438a3f0869e6f5aa8648504717ddc3211af765
pi_min,DASCMOP7_difficulty7,igd,lower,1,default,1,3,2,fea6fd4c3a2686c3c7e5163cc20db0b56f5d2c01cb419c45ad763398553c6b6f,ea87b60277ba4152b4eee6da461042232cf02a9b494bfc17639dee0ddff760b6,fea6fd4c3a2686c3c7e5163cc20db0b56f5d2c01cb419c45ad763398553c6b6f,a5ae0207e9ab3cb74b04028cf7438a3f0869e6f5aa8648504717ddc3211af765
pi_min,DASCMOP7_difficulty7,igd_plus,lower,1,default,1,3,2,fea6fd4c3a2686c3c7e5163cc20db0b56f5d2c01cb419c45ad763398553c6b6f,ea87b60277ba4152b4eee6da461042232cf02a9b494bfc17639dee0ddff760b6,fea6fd4c3a2686c3c7e5163cc20db0b56f5d2c01cb419c45ad763398553c6b6f,a5ae0207e9ab3cb74b04028cf7438a3f0869e6f5aa8648504717ddc3211af765
pi_min,DASCMOP7_difficulty7,spread,lower,3,high,1,3,2,fea6fd4c3a2686c3c7e5163cc20db0b56f5d2c01cb419c45ad763398553c6b6f,ea87b60277ba4152b4eee6da461042232cf02a9b494bfc17639dee0ddff760b6,fea6fd4c3a2686c3c7e5163cc20db0b56f5d2c01cb419c45ad763398553c6b6f,a5ae0207e9ab3cb74b04028cf7438a3f0869e6f5aa8648504717ddc3211af765
pi_min,DASCMOP7_difficulty7,time_s,lower,3,high,1,3,2,fea6fd4c3a2686c3c7e5163cc20db0b56f5d2c01cb419c45ad763398553c6b6f,ea87b60277ba4152b4eee6da461042232cf02a9b494bfc17639dee0ddff760b6,fea6fd4c3a2686c3c7e5163cc20db0b56f5d2c01cb419c45ad763398553c6b6f,a5ae0207e9ab3cb74b04028cf7438a3f0869e6f5aa8648504717ddc3211af765
pi_min,DTLZ2_n_obj3,gd,lower,1,default,1,3,2,fea6fd4c3a2686c3c7e5163cc20db0b56f5d2c01cb419c45ad763398553c6b6f,ea87b60277ba4152b4eee6da461042232cf02a9b494bfc17639dee0ddff760b6,fea6fd4c3a2686c3c7e5163cc20db0b56f5d2c01cb419c45ad763398553c6b6f,a5ae0207e9ab3cb74b04028cf7438a3f0869e6f5aa8648504717ddc3211af765
pi_min,DTLZ2_n_obj3,hv,higher,3,high,1,3,2,fea6fd4c3a2686c3c7e5163cc20db0b56f5d2c01cb419c45ad763398553c6b6f,ea87b60277ba4152b4eee6da461042232cf02a9b494bfc17639dee0ddff760b6,fea6fd4c3a2686c3c7e5163cc20db0b56f5d2c01cb419c45ad763398553c6b6f,a5ae0207e9ab3cb74b04028cf7438a3f0869e6f5aa8648504717ddc3211af765
pi_min,DTLZ2_n_obj3,igd,lower,3,low,1,3,2,fea6fd4c3a2686c3c7e5163cc20db0b56f5d2c01cb419c45ad763398553c6b6f,ea87b60277ba4152b4eee6da461042232cf02a9b494bfc17639dee0ddff760b6,fea6fd4c3a2686c3c7e5163cc20db0b56f5d2c01cb419c45ad763398553c6b6f,a5ae0207e9ab3cb74b04028cf7438a3f0869e6f5aa8648504717ddc3211af765
pi_min,DTLZ2_n_obj3,igd_plus,lower,3,low,1,3,2,fea6fd4c3a2686c3c7e5163cc20db0b56f5d2c01cb419c45ad763398553c6b6f,ea87b60277ba4152b4eee6da461042232cf02a9b494bfc17639dee0ddff760b6,fea6fd4c3a2686c3c7e5163cc20db0b56f5d2c01cb419c45ad763398553c6b6f,a5ae0207e9ab3cb74b04028cf7438a3f0869e6f5aa8648504717ddc3211af765
pi_min,DTLZ2_n_obj3,spread,lower,1,default,1,3,2,fea6fd4c3a2686c3c7e5163cc20db0b56f5d2c01cb419c45ad763398553c6b6f,ea87b60277ba4152b4eee6da461042232cf02a9b494bfc17639dee0ddff760b6,fea6fd4c3a2686c3c7e5163cc20db0b56f5d2c01cb419c45ad763398553c6b6f,a5ae0207e9ab3cb74b04028cf7438a3f0869e6f5aa8648504717ddc3211af765
pi_min,DTLZ2_n_obj3,time_s,lower,3,high,1,3,2,fea6fd4c3a2686c3c7e5163cc20db0b56f5d2c01cb419c45ad763398553c6b6f,ea87b60277ba4152b4eee6da461042232cf02a9b494bfc17639dee0ddff760b6,fea6fd4c3a2686c3c7e5163cc20db0b56f5d2c01cb419c45ad763398553c6b6f,a5ae0207e9ab3cb74b04028cf7438a3f0869e6f5aa8648504717ddc3211af765
pi_min,WFG4,gd,lower,2,high,1,3,2,fea6fd4c3a2686c3c7e5163cc20db0b56f5d2c01cb419c45ad763398553c6b6f,ea87b60277ba4152b4eee6da461042232cf02a9b494bfc17639dee0ddff760b6,fea6fd4c3a2686c3c7e5163cc20db0b56f5d2c01cb419c45ad763398553c6b6f,a5ae0207e9ab3cb74b04028cf7438a3f0869e6f5aa8648504717ddc3211af765
pi_min,WFG4,hv,higher,3,high,1,3,2,fea6fd4c3a2686c3c7e5163cc20db0b56f5d2c01cb419c45ad763398553c6b6f,ea87b60277ba4152b4eee6da461042232cf02a9b494bfc17639dee0ddff760b6,fea6fd4c3a2686c3c7e5163cc20db0b56f5d2c01cb419c45ad763398553c6b6f,a5ae0207e9ab3cb74b04028cf7438a3f0869e6f5aa8648504717ddc3211af765
pi_min,WFG4,igd,lower,3,low,1,3,2,fea6fd4c3a2686c3c7e5163cc20db0b56f5d2c01cb419c45ad763398553c6b6f,ea87b60277ba4152b4eee6da461042232cf02a9b494bfc17639dee0ddff760b6,fea6fd4c3a2686c3c7e5163cc20db0b56f5d2c01cb419c45ad763398553c6b6f,a5ae0207e9ab3cb74b04028cf7438a3f0869e6f5aa8648504717ddc3211af765
pi_min,WFG4,igd_plus,lower,2,high,1,3,2,fea6fd4c3a2686c3c7e5163cc20db0b56f5d2c01cb419c45ad763398553c6b6f,ea87b60277ba4152b4eee6da461042232cf02a9b494bfc17639dee0ddff760b6,fea6fd4c3a2686c3c7e5163cc20db0b56f5d2c01cb419c45ad763398553c6b6f,a5ae0207e9ab3cb74b04028cf7438a3f0869e6f5aa8648504717ddc3211af765
pi_min,WFG4,spread,lower,3,low,1,3,2,fea6fd4c3a2686c3c7e5163cc20db0b56f5d2c01cb419c45ad763398553c6b6f,ea87b60277ba4152b4eee6da461042232cf02a9b494bfc17639dee0ddff760b6,fea6fd4c3a2686c3c7e5163cc20db0b56f5d2c01cb419c45ad763398553c6b6f,a5ae0207e9ab3cb74b04028cf7438a3f0869e6f5aa8648504717ddc3211af765
pi_min,WFG4,time_s,lower,2,high,1,3,2,fea6fd4c3a2686c3c7e5163cc20db0b56f5d2c01cb419c45ad763398553c6b6f,ea87b60277ba4152b4eee6da461042232cf02a9b494bfc17639dee0ddff760b6,fea6fd4c3a2686c3c7e5163cc20db0b56f5d2c01cb419c45ad763398553c6b6f,a5ae0207e9ab3cb74b04028cf7438a3f0869e6f5aa8648504717ddc3211af765
pi_min,WFG9,gd,lower,3,low,1,3,2,fea6fd4c3a2686c3c7e5163cc20db0b56f5d2c01cb419c45ad763398553c6b6f,ea87b60277ba4152b4eee6da461042232cf02a9b494bfc17639dee0ddff760b6,fea6fd4c3a2686c3c7e5163cc20db0b56f5d2c01cb419c45ad763398553c6b6f,a5ae0207e9ab3cb74b04028cf7438a3f0869e6f5aa8648504717ddc3211af765
pi_min,WFG9,hv,higher,1,default,1,3,2,fea6fd4c3a2686c3c7e5163cc20db0b56f5d2c01cb419c45ad763398553c6b6f,ea87b60277ba4152b4eee6da461042232cf02a9b494bfc17639dee0ddff760b6,fea6fd4c3a2686c3c7e5163cc20db0b56f5d2c01cb419c45ad763398553c6b6f,a5ae0207e9ab3cb74b04028cf7438a3f0869e6f5aa8648504717ddc3211af765
pi_min,WFG9,igd,lower,3,low,1,3,2,fea6fd4c3a2686c3c7e5163cc20db0b56f5d2c01cb419c45ad763398553c6b6f,ea87b60277ba4152b4eee6da461042232cf02a9b494bfc17639dee0ddff760b6,fea6fd4c3a2686c3c7e5163cc20db0b56f5d2c01cb419c45ad763398553c6b6f,a5ae0207e9ab3cb74b04028cf7438a3f0869e6f5aa8648504717ddc3211af765
pi_min,WFG9,igd_plus,lower,3,low,1,3,2,fea6fd4c3a2686c3c7e5163cc20db0b56f5d2c01cb419c45ad763398553c6b6f,ea87b60277ba4152b4eee6da461042232cf02a9b494bfc17639dee0ddff760b6,fea6fd4c3a2686c3c7e5163cc20db0b56f5d2c01cb419c45ad763398553c6b6f,a5ae0207e9ab3cb74b04028cf7438a3f0869e6f5aa8648504717ddc3211af765
pi_min,WFG9,spread,lower,1,default,1,3,2,fea6fd4c3a2686c3c7e5163cc20db0b56f5d2c01cb419c45ad763398553c6b6f,ea87b60277ba4152b4eee6da461042232cf02a9b494bfc17639dee0ddff760b6,fea6fd4c3a2686c3c7e5163cc20db0b56f5d2c01cb419c45ad763398553c6b6f,a5ae0207e9ab3cb74b04028cf7438a3f0869e6f5aa8648504717ddc3211af765
pi_min,WFG9,time_s,lower,3,high,1,3,2,fea6fd4c3a2686c3c7e5163cc20db0b56f5d2c01cb419c45ad763398553c6b6f,ea87b60277ba4152b4eee6da461042232cf02a9b494bfc17639dee0ddff760b6,fea6fd4c3a2686c3c7e5163cc20db0b56f5d2c01cb419c45ad763398553c6b6f,a5ae0207e9ab3cb74b04028cf7438a3f0869e6f5aa8648504717ddc3211af765
pi_min,ZDT1,gd,lower,1,default,1,3,2,fea6fd4c3a2686c3c7e5163cc20db0b56f5d2c01cb419c45ad763398553c6b6f,ea87b60277ba4152b4eee6da461042232cf02a9b494bfc17639dee0ddff760b6,fea6fd4c3a2686c3c7e5163cc20db0b56f5d2c01cb419c45ad763398553c6b6f,a5ae0207e9ab3cb74b04028cf7438a3f0869e6f5aa8648504717ddc3211af765
pi_min,ZDT1,hv,higher,1,default,1,3,2,fea6fd4c3a2686c3c7e5163cc20db0b56f5d2c01cb419c45ad763398553c6b6f,ea87b60277ba4152b4eee6da461042232cf02a9b494bfc17639dee0ddff760b6,fea6fd4c3a2686c3c7e5163cc20db0b56f5d2c01cb419c45ad763398553c6b6f,a5ae0207e9ab3cb74b04028cf7438a3f0869e6f5aa8648504717ddc3211af765
pi_min,ZDT1,igd,lower,2,low,1,3,2,fea6fd4c3a2686c3c7e5163cc20db0b56f5d2c01cb419c45ad763398553c6b6f,ea87b60277ba4152b4eee6da461042232cf02a9b494bfc17639dee0ddff760b6,fea6fd4c3a2686c3c7e5163cc20db0b56f5d2c01cb419c45ad763398553c6b6f,a5ae0207e9ab3cb74b04028cf7438a3f0869e6f5aa8648504717ddc3211af765
pi_min,ZDT1,igd_plus,lower,1,default,1,3,2,fea6fd4c3a2686c3c7e5163cc20db0b56f5d2c01cb419c45ad763398553c6b6f,ea87b60277ba4152b4eee6da461042232cf02a9b494bfc17639dee0ddff760b6,fea6fd4c3a2686c3c7e5163cc20db0b56f5d2c01cb419c45ad763398553c6b6f,a5ae0207e9ab3cb74b04028cf7438a3f0869e6f5aa8648504717ddc3211af765
pi_min,ZDT1,spread,lower,1,default,1,3,2,fea6fd4c3a2686c3c7e5163cc20db0b56f5d2c01cb419c45ad763398553c6b6f,ea87b60277ba4152b4eee6da461042232cf02a9b494bfc17639dee0ddff760b6,fea6fd4c3a2686c3c7e5163cc20db0b56f5d2c01cb419c45ad763398553c6b6f,a5ae0207e9ab3cb74b04028cf7438a3f0869e6f5aa8648504717ddc3211af765
pi_min,ZDT1,time_s,lower,1,default,1,3,2,fea6fd4c3a2686c3c7e5163cc20db0b56f5d2c01cb419c45ad763398553c6b6f,ea87b60277ba4152b4eee6da461042232cf02a9b494bfc17639dee0ddff760b6,fea6fd4c3a2686c3c7e5163cc20db0b56f5d2c01cb419c45ad763398553c6b6f,a5ae0207e9ab3cb74b04028cf7438a3f0869e6f5aa8648504717ddc3211af765
pi_min,ZDT3,gd,lower,3,high,1,3,2,fea6fd4c3a2686c3c7e5163cc20db0b56f5d2c01cb419c45ad763398553c6b6f,ea87b60277ba4152b4eee6da461042232cf02a9b494bfc17639dee0ddff760b6,fea6fd4c3a2686c3c7e5163cc20db0b56f5d2c01cb419c45ad763398553c6b6f,a5ae0207e9ab3cb74b04028cf7438a3f0869e6f5aa8648504717ddc3211af765
pi_min,ZDT3,hv,higher,1,default,1,3,2,fea6fd4c3a2686c3c7e5163cc20db0b56f5d2c01cb419c45ad763398553c6b6f,ea87b60277ba4152b4eee6da461042232cf02a9b494bfc17639dee0ddff760b6,fea6fd4c3a2686c3c7e5163cc20db0b56f5d2c01cb419c45ad763398553c6b6f,a5ae0207e9ab3cb74b04028cf7438a3f0869e6f5aa8648504717ddc3211af765
pi_min,ZDT3,igd,lower,3,low,1,3,2,fea6fd4c3a2686c3c7e5163cc20db0b56f5d2c01cb419c45ad763398553c6b6f,ea87b60277ba4152b4eee6da461042232cf02a9b494bfc17639dee0ddff760b6,fea6fd4c3a2686c3c7e5163cc20db0b56f5d2c01cb419c45ad763398553c6b6f,a5ae0207e9ab3cb74b04028cf7438a3f0869e6f5aa8648504717ddc3211af765
pi_min,ZDT3,igd_plus,lower,1,default,1,3,2,fea6fd4c3a2686c3c7e5163cc20db0b56f5d2c01cb419c45ad763398553c6b6f,ea87b60277ba4152b4eee6da461042232cf02a9b494bfc17639dee0ddff760b6,fea6fd4c3a2686c3c7e5163cc20db0b56f5d2c01cb419c45ad763398553c6b6f,a5ae0207e9ab3cb74b04028cf7438a3f0869e6f5aa8648504717ddc3211af765
pi_min,ZDT3,spread,lower,3,low,1,3,2,fea6fd4c3a2686c3c7e5163cc20db0b56f5d2c01cb419c45ad763398553c6b6f,ea87b60277ba4152b4eee6da461042232cf02a9b494bfc17639dee0ddff760b6,fea6fd4c3a2686c3c7e5163cc20db0b56f5d2c01cb419c45ad763398553c6b6f,a5ae0207e9ab3cb74b04028cf7438a3f0869e6f5aa8648504717ddc3211af765
pi_min,ZDT3,time_s,lower,2,high,1,3,2,fea6fd4c3a2686c3c7e5163cc20db0b56f5d2c01cb419c45ad763398553c6b6f,ea87b60277ba4152b4eee6da461042232cf02a9b494bfc17639dee0ddff760b6,fea6fd4c3a2686c3c7e5163cc20db0b56f5d2c01cb419c45ad763398553c6b6f,a5ae0207e9ab3cb74b04028cf7438a3f0869e6f5aa8648504717ddc3211af765
stag_ratio,DASCMOP7_difficulty7,gd,lower,1,default,1,3,2,fea6fd4c3a2686c3c7e5163cc20db0b56f5d2c01cb419c45ad763398553c6b6f,ea87b60277ba4152b4eee6da461042232cf02a9b494bfc17639dee0ddff760b6,fea6fd4c3a2686c3c7e5163cc20db0b56f5d2c01cb419c45ad763398553c6b6f,a5ae0207e9ab3cb74b04028cf7438a3f0869e6f5aa8648504717ddc3211af765
stag_ratio,DASCMOP7_difficulty7,hv,higher,1,default,1,3,2,fea6fd4c3a2686c3c7e5163cc20db0b56f5d2c01cb419c45ad763398553c6b6f,ea87b60277ba4152b4eee6da461042232cf02a9b494bfc17639dee0ddff760b6,fea6fd4c3a2686c3c7e5163cc20db0b56f5d2c01cb419c45ad763398553c6b6f,a5ae0207e9ab3cb74b04028cf7438a3f0869e6f5aa8648504717ddc3211af765
stag_ratio,DASCMOP7_difficulty7,igd,lower,1,default,1,3,2,fea6fd4c3a2686c3c7e5163cc20db0b56f5d2c01cb419c45ad763398553c6b6f,ea87b60277ba4152b4eee6da461042232cf02a9b494bfc17639dee0ddff760b6,fea6fd4c3a2686c3c7e5163cc20db0b56f5d2c01cb419c45ad763398553c6b6f,a5ae0207e9ab3cb74b04028cf7438a3f0869e6f5aa8648504717ddc3211af765
stag_ratio,DASCMOP7_difficulty7,igd_plus,lower,1,default,1,3,2,fea6fd4c3a2686c3c7e5163cc20db0b56f5d2c01cb419c45ad763398553c6b6f,ea87b60277ba4152b4eee6da461042232cf02a9b494bfc17639dee0ddff760b6,fea6fd4c3a2686c3c7e5163cc20db0b56f5d2c01cb419c45ad763398553c6b6f,a5ae0207e9ab3cb74b04028cf7438a3f0869e6f5aa8648504717ddc3211af765
stag_ratio,DASCMOP7_difficulty7,spread,lower,2,high,1,3,2,fea6fd4c3a2686c3c7e5163cc20db0b56f5d2c01cb419c45ad763398553c6b6f,ea87b60277ba4152b4eee6da461042232cf02a9b494bfc17639dee0ddff760b6,fea6fd4c3a2686c3c7e5163cc20db0b56f5d2c01cb419c45ad763398553c6b6f,a5ae0207e9ab3cb74b04028cf7438a3f0869e6f5aa8648504717ddc3211af765
stag_ratio,DASCMOP7_difficulty7,time_s,lower,3,low,1,3,2,fea6fd4c3a2686c3c7e5163cc20db0b56f5d2c01cb419c45ad763398553c6b6f,ea87b60277ba4152b4eee6da461042232cf02a9b494bfc17639dee0ddff760b6,fea6fd4c3a2686c3c7e5163cc20db0b56f5d2c01cb419c45ad763398553c6b6f,a5ae0207e9ab3cb74b04028cf7438a3f0869e6f5aa8648504717ddc3211af765
stag_ratio,DTLZ2_n_obj3,gd,lower,2,high,1,3,2,fea6fd4c3a2686c3c7e5163cc20db0b56f5d2c01cb419c45ad763398553c6b6f,ea87b60277ba4152b4eee6da461042232cf02a9b494bfc17639dee0ddff760b6,fea6fd4c3a2686c3c7e5163cc20db0b56f5d2c01cb419c45ad763398553c6b6f,a5ae0207e9ab3cb74b04028cf7438a3f0869e6f5aa8648504717ddc3211af765
stag_ratio,DTLZ2_n_obj3,hv,higher,2,low,1,3,2,fea6fd4c3a2686c3c7e5163cc20db0b56f5d2c01cb419c45ad763398553c6b6f,ea87b60277ba4152b4eee6da461042232cf02a9b494bfc17639dee0ddff760b6,fea6fd4c3a2686c3c7e5163cc20db0b56f5d2c01cb419c45ad763398553c6b6f,a5ae0207e9ab3cb74b04028cf7438a3f0869e6f5aa8648504717ddc3211af765
stag_ratio,DTLZ2_n_obj3,igd,lower,3,high,1,3,2,fea6fd4c3a2686c3c7e5163cc20db0b56f5d2c01cb419c45ad763398553c6b6f,ea87b60277ba4152b4eee6da461042232cf02a9b494bfc17639dee0ddff760b6,fea6fd4c3a2686c3c7e5163cc20db0b56f5d2c01cb419c45ad763398553c6b6f,a5ae0207e9ab3cb74b04028cf7438a3f0869e6f5aa8648504717ddc3211af765
stag_ratio,DTLZ2_n_obj3,igd_plus,lower,3,high,1,3,2,fea6fd4c3a2686c3c7e5163cc20db0b56f5d2c01cb419c45ad763398553c6b6f,ea87b60277ba4152b4eee6da461042232cf02a9b494bfc17639dee0ddff760b6,fea6fd4c3a2686c3c7e5163cc20db0b56f5d2c01cb419c45ad763398553c6b6f,a5ae0207e9ab3cb74b04028cf7438a3f0869e6f5aa8648504717ddc3211af765
stag_ratio,DTLZ2_n_obj3,spread,lower,2,high,1,3,2,fea6fd4c3a2686c3c7e5163cc20db0b56f5d2c01cb419c45ad763398553c6b6f,ea87b60277ba4152b4eee6da461042232cf02a9b494bfc17639dee0ddff760b6,fea6fd4c3a2686c3c7e5163cc20db0b56f5d2c01cb419c45ad763398553c6b6f,a5ae0207e9ab3cb74b04028cf7438a3f0869e6f5aa8648504717ddc3211af765
stag_ratio,DTLZ2_n_obj3,time_s,lower,3,low,1,3,2,fea6fd4c3a2686c3c7e5163cc20db0b56f5d2c01cb419c45ad763398553c6b6f,ea87b60277ba4152b4eee6da461042232cf02a9b494bfc17639dee0ddff760b6,fea6fd4c3a2686c3c7e5163cc20db0b56f5d2c01cb419c45ad763398553c6b6f,a5ae0207e9ab3cb74b04028cf7438a3f0869e6f5aa8648504717ddc3211af765
stag_ratio,WFG4,gd,lower,3,high,1,3,2,fea6fd4c3a2686c3c7e5163cc20db0b56f5d2c01cb419c45ad763398553c6b6f,ea87b60277ba4152b4eee6da461042232cf02a9b494bfc17639dee0ddff760b6,fea6fd4c3a2686c3c7e5163cc20db0b56f5d2c01cb419c45ad763398553c6b6f,a5ae0207e9ab3cb74b04028cf7438a3f0869e6f5aa8648504717ddc3211af765
stag_ratio,WFG4,hv,higher,2,high,1,3,2,fea6fd4c3a2686c3c7e5163cc20db0b56f5d2c01cb419c45ad763398553c6b6f,ea87b60277ba4152b4eee6da461042232cf02a9b494bfc17639dee0ddff760b6,fea6fd4c3a2686c3c7e5163cc20db0b56f5d2c01cb419c45ad763398553c6b6f,a5ae0207e9ab3cb74b04028cf7438a3f0869e6f5aa8648504717ddc3211af765
stag_ratio,WFG4,igd,lower,2,high,1,3,2,fea6fd4c3a2686c3c7e5163cc20db0b56f5d2c01cb419c45ad763398553c6b6f,ea87b60277ba4152b4eee6da461042232cf02a9b494bfc17639dee0ddff760b6,fea6fd4c3a2686c3c7e5163cc20db0b56f5d2c01cb419c45ad763398553c6b6f,a5ae0207e9ab3cb74b04028cf7438a3f0869e6f5aa8648504717ddc3211af765
stag_ratio,WFG4,igd_plus,lower,2,high,1,3,2,fea6fd4c3a2686c3c7e5163cc20db0b56f5d2c01cb419c45ad763398553c6b6f,ea87b60277ba4152b4eee6da461042232cf02a9b494bfc17639dee0ddff760b6,fea6fd4c3a2686c3c7e5163cc20db0b56f5d2c01cb419c45ad763398553c6b6f,a5ae0207e9ab3cb74b04028cf7438a3f0869e6f5aa8648504717ddc3211af765
stag_ratio,WFG4,spread,lower,3,low,1,3,2,fea6fd4c3a2686c3c7e5163cc20db0b56f5d2c01cb419c45ad763398553c6b6f,ea87b60277ba4152b4eee6da461042232cf02a9b494bfc17639dee0ddff760b6,fea6fd4c3a2686c3c7e5163cc20db0b56f5d2c01cb419c45ad763398553c6b6f,a5ae0207e9ab3cb74b04028cf7438a3f0869e6f5aa8648504717ddc3211af765
stag_ratio,WFG4,time_s,lower,3,low,1,3,2,fea6fd4c3a2686c3c7e5163cc20db0b56f5d2c01cb419c45ad763398553c6b6f,ea87b60277ba4152b4eee6da461042232cf02a9b494bfc17639dee0ddff760b6,fea6fd4c3a2686c3c7e5163cc20db0b56f5d2c01cb419c45ad763398553c6b6f,a5ae0207e9ab3cb74b04028cf7438a3f0869e6f5aa8648504717ddc3211af765
stag_ratio,WFG9,gd,lower,3,high,1,3,2,fea6fd4c3a2686c3c7e5163cc20db0b56f5d2c01cb419c45ad763398553c6b6f,ea87b60277ba4152b4eee6da461042232cf02a9b494bfc17639dee0ddff760b6,fea6fd4c3a2686c3c7e5163cc20db0b56f5d2c01cb419c45ad763398553c6b6f,a5ae0207e9ab3cb74b04028cf7438a3f0869e6f5aa8648504717ddc3211af765
stag_ratio,WFG9,hv,higher,1,default,1,3,2,fea6fd4c3a2686c3c7e5163cc20db0b56f5d2c01cb419c45ad763398553c6b6f,ea87b60277ba4152b4eee6da461042232cf02a9b494bfc17639dee0ddff760b6,fea6fd4c3a2686c3c7e5163cc20db0b56f5d2c01cb419c45ad763398553c6b6f,a5ae0207e9ab3cb74b04028cf7438a3f0869e6f5aa8648504717ddc3211af765
stag_ratio,WFG9,igd,lower,1,default,1,3,2,fea6fd4c3a2686c3c7e5163cc20db0b56f5d2c01cb419c45ad763398553c6b6f,ea87b60277ba4152b4eee6da461042232cf02a9b494bfc17639dee0ddff760b6,fea6fd4c3a2686c3c7e5163cc20db0b56f5d2c01cb419c45ad763398553c6b6f,a5ae0207e9ab3cb74b04028cf7438a3f0869e6f5aa8648504717ddc3211af765
stag_ratio,WFG9,igd_plus,lower,2,high,1,3,2,fea6fd4c3a2686c3c7e5163cc20db0b56f5d2c01cb419c45ad763398553c6b6f,ea87b60277ba4152b4eee6da461042232cf02a9b494bfc17639dee0ddff760b6,fea6fd4c3a2686c3c7e5163cc20db0b56f5d2c01cb419c45ad763398553c6b6f,a5ae0207e9ab3cb74b04028cf7438a3f0869e6f5aa8648504717ddc3211af765
stag_ratio,WFG9,spread,lower,2,high,1,3,2,fea6fd4c3a2686c3c7e5163cc20db0b56f5d2c01cb419c45ad763398553c6b6f,ea87b60277ba4152b4eee6da461042232cf02a9b494bfc17639dee0ddff760b6,fea6fd4c3a2686c3c7e5163cc20db0b56f5d2c01cb419c45ad763398553c6b6f,a5ae0207e9ab3cb74b04028cf7438a3f0869e6f5aa8648504717ddc3211af765
stag_ratio,WFG9,time_s,lower,3,low,1,3,2,fea6fd4c3a2686c3c7e5163cc20db0b56f5d2c01cb419c45ad763398553c6b6f,ea87b60277ba4152b4eee6da461042232cf02a9b494bfc17639dee0ddff760b6,fea6fd4c3a2686c3c7e5163cc20db0b56f5d2c01cb419c45ad763398553c6b6f,a5ae0207e9ab3cb74b04028cf7438a3f0869e6f5aa8648504717ddc3211af765
stag_ratio,ZDT1,gd,lower,1,default,1,3,2,fea6fd4c3a2686c3c7e5163cc20db0b56f5d2c01cb419c45ad763398553c6b6f,ea87b60277ba4152b4eee6da461042232cf02a9b494bfc17639dee0ddff760b6,fea6fd4c3a2686c3c7e5163cc20db0b56f5d2c01cb419c45ad763398553c6b6f,a5ae0207e9ab3cb74b04028cf7438a3f0869e6f5aa8648504717ddc3211af765
stag_ratio,ZDT1,hv,higher,2,high,1,3,2,fea6fd4c3a2686c3c7e5163cc20db0b56f5d2c01cb419c45ad763398553c6b6f,ea87b60277ba4152b4eee6da461042232cf02a9b494bfc17639dee0ddff760b6,fea6fd4c3a2686c3c7e5163cc20db0b56f5d2c01cb419c45ad763398553c6b6f,a5ae0207e9ab3cb74b04028cf7438a3f0869e6f5aa8648504717ddc3211af765
stag_ratio,ZDT1,igd,lower,3,low,1,3,2,fea6fd4c3a2686c3c7e5163cc20db0b56f5d2c01cb419c45ad763398553c6b6f,ea87b60277ba4152b4eee6da461042232cf02a9b494bfc17639dee0ddff760b6,fea6fd4c3a2686c3c7e5163cc20db0b56f5d2c01cb419c45ad763398553c6b6f,a5ae0207e9ab3cb74b04028cf7438a3f0869e6f5aa8648504717ddc3211af765
stag_ratio,ZDT1,igd_plus,lower,2,high,1,3,2,fea6fd4c3a2686c3c7e5163cc20db0b56f5d2c01cb419c45ad763398553c6b6f,ea87b60277ba4152b4eee6da461042232cf02a9b494bfc17639dee0ddff760b6,fea6fd4c3a2686c3c7e5163cc20db0b56f5d2c01cb419c45ad763398553c6b6f,a5ae0207e9ab3cb74b04028cf7438a3f0869e6f5aa8648504717ddc3211af765
stag_ratio,ZDT1,spread,lower,1,default,1,3,2,fea6fd4c3a2686c3c7e5163cc20db0b56f5d2c01cb419c45ad763398553c6b6f,ea87b60277ba4152b4eee6da461042232cf02a9b494bfc17639dee0ddff760b6,fea6fd4c3a2686c3c7e5163cc20db0b56f5d2c01cb419c45ad763398553c6b6f,a5ae0207e9ab3cb74b04028cf7438a3f0869e6f5aa8648504717ddc3211af765
stag_ratio,ZDT1,time_s,lower,1,default,1,3,2,fea6fd4c3a2686c3c7e5163cc20db0b56f5d2c01cb419c45ad763398553c6b6f,ea87b60277ba4152b4eee6da461042232cf02a9b494bfc17639dee0ddff760b6,fea6fd4c3a2686c3c7e5163cc20db0b56f5d2c01cb419c45ad763398553c6b6f,a5ae0207e9ab3cb74b04028cf7438a3f0869e6f5aa8648504717ddc3211af765
stag_ratio,ZDT3,gd,lower,3,low,1,3,2,fea6fd4c3a2686c3c7e5163cc20db0b56f5d2c01cb419c45ad763398553c6b6f,ea87b60277ba4152b4eee6da461042232cf02a9b494bfc17639dee0ddff760b6,fea6fd4c3a2686c3c7e5163cc20db0b56f5d2c01cb419c45ad763398553c6b6f,a5ae0207e9ab3cb74b04028cf7438a3f0869e6f5aa8648504717ddc3211af765
stag_ratio,ZDT3,hv,higher,2,high,1,3,2,fea6fd4c3a2686c3c7e5163cc20db0b56f5d2c01cb419c45ad763398553c6b6f,ea87b60277ba4152b4eee6da461042232cf02a9b494bfc17639dee0ddff760b6,fea6fd4c3a2686c3c7e5163cc20db0b56f5d2c01cb419c45ad763398553c6b6f,a5ae0207e9ab3cb74b04028cf7438a3f0869e6f5aa8648504717ddc3211af765
stag_ratio,ZDT3,igd,lower,2,high,1,3,2,fea6fd4c3a2686c3c7e5163cc20db0b56f5d2c01cb419c45ad763398553c6b6f,ea87b60277ba4152b4eee6da461042232cf02a9b494bfc17639dee0ddff760b6,fea6fd4c3a2686c3c7e5163cc20db0b56f5d2c01cb419c45ad763398553c6b6f,a5ae0207e9ab3cb74b04028cf7438a3f0869e6f5aa8648504717ddc3211af765
stag_ratio,ZDT3,igd_plus,lower,2,high,1,3,2,fea6fd4c3a2686c3c7e5163cc20db0b56f5d2c01cb419c45ad763398553c6b6f,ea87b60277ba4152b4eee6da461042232cf02a9b494bfc17639dee0ddff760b6,fea6fd4c3a2686c3c7e5163cc20db0b56f5d2c01cb419c45ad763398553c6b6f,a5ae0207e9ab3cb74b04028cf7438a3f0869e6f5aa8648504717ddc3211af765
stag_ratio,ZDT3,spread,lower,2,high,1,3,2,fea6fd4c3a2686c3c7e5163cc20db0b56f5d2c01cb419c45ad763398553c6b6f,ea87b60277ba4152b4eee6da461042232cf02a9b494bfc17639dee0ddff760b6,fea6fd4c3a2686c3c7e5163cc20db0b56f5d2c01cb419c45ad763398553c6b6f,a5ae0207e9ab3cb74b04028cf7438a3f0869e6f5aa8648504717ddc3211af765
stag_ratio,ZDT3,time_s,lower,2,low,1,3,2,fea6fd4c3a2686c3c7e5163cc20db0b56f5d2c01cb419c45ad763398553c6b6f,ea87b60277ba4152b4eee6da461042232cf02a9b494bfc17639dee0ddff760b6,fea6fd4c3a2686c3c7e5163cc20db0b56f5d2c01cb419c45ad763398553c6b6f,a5ae0207e9ab3cb74b04028cf7438a3f0869e6f5aa8648504717ddc3211af765
