constant_name,problem,metric,direction,default_median,default_rank,max_abs_median_delta_vs_default,max_relative_median_delta_vs_default,max_abs_effect_size_vs_default,n_levels_better_than_default,n_levels_worse_than_default,n_significant_after_holm,robustness_class,a1_a5_formal_experiment_source_snapshot_sha256,a1_a5_postprocessing_source_snapshot_sha256,e3_formal_experiment_source_snapshot_sha256,global_postprocessing_source_snapshot_sha256
lp,DASCMOP7_difficulty7,gd,lower,0.0008686422467785126,1,4.281280123307168e-05,0.04928703547616898,0.30578512396694213,0,2,0,robust_default_not_worse,fea6fd4c3a2686c3c7e5163cc20db0b56f5d2c01cb419c45ad763398553c6b6f,ea87b60277ba4152b4eee6da461042232cf02a9b494bfc17639dee0ddff760b6,fea6fd4c3a2686c3c7e5163cc20db0b56f5d2c01cb419c45ad763398553c6b6f,a5ae0207e9ab3cb74b04028cf7438a3f0869e6f5aa8648504717ddc3211af765
lp,DASCMOP7_difficulty7,hv,higher,110917.57066837502,1,0.43704816853278317,3.9402969781900836e-06,0.2396694214876033,0,2,0,robust_default_not_worse,fea6fd4c3a2686c3c7e5163cc20db0b56f5d2c01cb419c45ad763398553c6b6f,ea87b60277ba4152b4eee6da461042232cf02a9b494bfc17639dee0ddff760b6,fea6fd4c3a2686c3c7e5163cc20db0b56f5d2c01cb419c45ad763398553c6b6f,a5ae0207e9ab3cb74b04028cf7438a3f0869e6f5aa8648504717ddc3211af765
lp,DASCMOP7_difficulty7,igd,lower,0.03175457243275749,1,0.0007724348983857363,0.024325155062988824,0.48760330578512395,0,2,0,robust_default_not_worse,fea6fd4c3a2686c3c7e5163cc20db0b56f5d2c01cb419c45ad763398553c6b6f,ea87b60277ba4152b4eee6da461042232cf02a9b494bfc17639dee0ddff760b6,fea6fd4c3a2686c3c7e5163cc20db0b56f5d2c01cb419c45ad763398553c6b6f,a5ae0207e9ab3cb74b04028cf7438a3f0869e6f5aa8648504717ddc3211af765
lp,DASCMOP7_difficulty7,igd_plus,lower,0.02221949721641537,1,0.0006747863041528385,0.03036910770664596,0.5702479338842975,0,2,0,robust_default_not_worse,fea6fd4c3a2686c3c7e5163cc20db0b56f5d2c01cb419c45ad763398553c6b6f,ea87b60277ba4152b4eee6da461042232cf02a9b494bfc17639dee0ddff760b6,fea6fd4c3a2686c3c7e5163cc20db0b56f5d2c01cb419c45ad763398553c6b6f,a5ae0207e9ab3cb74b04028cf7438a3f0869e6f5aa8648504717ddc3211af765
lp,DASCMOP7_difficulty7,spread,lower,0.016708344600923446,1,0.00043729514164914107,0.02617226015466382,0.12396694214876033,0,2,0,robust_small_effects,fea6fd4c3a2686c3c7e5163cc20db0b56f5d2c01cb419c45ad763398553c6b6f,ea87b60277ba4152b4eee6da461042232cf02a9b494bfc17639dee0ddff760b6,fea6fd4c3a2686c3c7e5163cc20db0b56f5d2c01cb419c45ad763398553c6b6f,a5ae0207e9ab3cb74b04028cf7438a3f0869e6f5aa8648504717ddc3211af765
lp,DASCMOP7_difficulty7,time_s,lower,311.4256984000094,2,38.114292799989926,0.12238647290768594,0.768595041322314,1,1,1,sensitive_default_not_best,fea6fd4c3a2686c3c7e5163cc20db0b56f5d2c01cb419c45ad763398553c6b6f,ea87b60277ba4152b4eee6da461042232cf02a9b494bfc17639dee0ddff760b6,fea6fd4c3a2686c3c7e5163cc20db0b56f5d2c01cb419c45ad763398553c6b6f,a5ae0207e9ab3cb74b04028cf7438a3f0869e6f5aa8648504717ddc3211af765
lp,DTLZ2_n_obj3,gd,lower,0.004718712387124944,2,0.0002553734465516235,0.05411930747218513,0.19008264462809918,1,1,0,mixed,fea6fd4c3a2686c3c7e5163cc20db0b56f5d2c01cb419c45ad763398553c6b6f,ea87b60277ba4152b4eee6da461042232cf02a9b494bfc17639dee0ddff760b6,fea6fd4c3a2686c3c7e5163cc20db0b56f5d2c01cb419c45ad763398553c6b6f,a5ae0207e9ab3cb74b04028cf7438a3f0869e6f5aa8648504717ddc3211af765
lp,DTLZ2_n_obj3,hv,higher,17.998843035237176,3,0.00232279425724613,0.0001290524203527242,0.2396694214876033,2,0,0,mixed,fea6fd4c3a2686c3c7e5163cc20db0b56f5d2c01cb419c45ad763398553c6b6f,ea87b60277ba4152b4eee6da461042232cf02a9b494bfc17639dee0ddff760b6,fea6fd4c3a2686c3c7e5163cc20db0b56f5d2c01cb419c45ad763398553c6b6f,a5ae0207e9ab3cb74b04028cf7438a3f0869e6f5aa8648504717ddc3211af765
lp,DTLZ2_n_obj3,igd,lower,0.05063230059783576,3,0.0009205293605297551,0.0181806741874396,0.30578512396694213,2,0,0,mixed,fea6fd4c3a2686c3c7e5163cc20db0b56f5d2c01cb419c45ad763398553c6b6f,ea87b60277ba4152b4eee6da461042232cf02a9b494bfc17639dee0ddff760b6,fea6fd4c3a2686c3c7e5163cc20db0b56f5d2c01cb419c45ad763398553c6b6f,a5ae0207e9ab3cb74b04028cf7438a3f0869e6f5aa8648504717ddc3211af765
lp,DTLZ2_n_obj3,igd_plus,lower,0.026943424526420016,3,0.0020455515240317204,0.07592024993058719,0.35537190082644626,2,0,0,mixed,fea6fd4c3a2686c3c7e5163cc20db0b56f5d2c01cb419c45ad763398553c6b6f,ea87b60277ba4152b4eee6da461042232cf02a9b494bfc17639dee0ddff760b6,fea6fd4c3a2686c3c7e5163cc20db0b56f5d2c01cb419c45ad763398553c6b6f,a5ae0207e9ab3cb74b04028cf7438a3f0869e6f5aa8648504717ddc3211af765
lp,DTLZ2_n_obj3,spread,lower,0.03195784738144764,1,0.0006341892884257072,0.019844555888137525,0.0743801652892562,0,2,0,robust_small_effects,fea6fd4c3a2686c3c7e5163cc20db0b56f5d2c01cb419c45ad763398553c6b6f,ea87b60277ba4152b4eee6da461042232cf02a9b494bfc17639dee0ddff760b6,fea6fd4c3a2686c3c7e5163cc20db0b56f5d2c01cb419c45ad763398553c6b6f,a5ae0207e9ab3cb74b04028cf7438a3f0869e6f5aa8648504717ddc3211af765
lp,DTLZ2_n_obj3,time_s,lower,698.5987721999991,2,29.38785860000644,0.042066862653450394,0.9834710743801653,1,1,1,sensitive_default_not_best,fea6fd4c3a2686c3c7e5163cc20db0b56f5d2c01cb419c45ad763398553c6b6f,ea87b60277ba4152b4eee6da461042232cf02a9b494bfc17639dee0ddff760b6,fea6fd4c3a2686c3c7e5163cc20db0b56f5d2c01cb419c45ad763398553c6b6f,a5ae0207e9ab3cb74b04028cf7438a3f0869e6f5aa8648504717ddc3211af765
lp,WFG4,gd,lower,0.005361113730267642,3,0.0005483561380797541,0.10228399651062403,0.9834710743801653,2,0,1,sensitive_default_not_best,fea6fd4c3a2686c3c7e5163cc20db0b56f5d2c01cb419c45ad763398553c6b6f,ea87b60277ba4152b4eee6da461042232cf02a9b494bfc17639dee0ddff760b6,fea6fd4c3a2686c3c7e5163cc20db0b56f5d2c01cb419c45ad763398553c6b6f,a5ae0207e9ab3cb74b04028cf7438a3f0869e6f5aa8648504717ddc3211af765
lp,WFG4,hv,higher,6.242322622922672,3,0.003463407227559223,0.0005548266946090086,0.09090909090909091,2,0,0,robust_small_effects,fea6fd4c3a2686c3c7e5163cc20db0b56f5d2c01cb419c45ad763398553c6b6f,ea87b60277ba4152b4eee6da461042232cf02a9b494bfc17639dee0ddff760b6,fea6fd4c3a2686c3c7e5163cc20db0b56f5d2c01cb419c45ad763398553c6b6f,a5ae0207e9ab3cb74b04028cf7438a3f0869e6f5aa8648504717ddc3211af765
lp,WFG4,igd,lower,0.00622369700209163,3,0.00043771735487327466,0.07033076236297633,0.2892561983471074,2,0,0,mixed,fea6fd4c3a2686c3c7e5163cc20db0b56f5d2c01cb419c45ad763398553c6b6f,ea87b60277ba4152b4eee6da461042232cf02a9b494bfc17639dee0ddff760b6,fea6fd4c3a2686c3c7e5163cc20db0b56f5d2c01cb419c45ad763398553c6b6f,a5ae0207e9ab3cb74b04028cf7438a3f0869e6f5aa8648504717ddc3211af765
lp,WFG4,igd_plus,lower,0.0031019496701827974,2,1.9938239600345367e-05,0.006427647679780185,0.04132231404958678,1,1,0,robust_small_effects,fea6fd4c3a2686c3c7e5163cc20db0b56f5d2c01cb419c45ad763398553c6b6f,ea87b60277ba4152b4eee6da461042232cf02a9b494bfc17639dee0ddff760b6,fea6fd4c3a2686c3c7e5163cc20db0b56f5d2c01cb419c45ad763398553c6b6f,a5ae0207e9ab3cb74b04028cf7438a3f0869e6f5aa8648504717ddc3211af765
lp,WFG4,spread,lower,0.2628505391127319,3,0.012396447295338897,0.047161582156855626,0.4214876033057851,2,0,0,mixed,fea6fd4c3a2686c3c7e5163cc20db0b56f5d2c01cb419c45ad763398553c6b6f,ea87b60277ba4152b4eee6da461042232cf02a9b494bfc17639dee0ddff760b6,fea6fd4c3a2686c3c7e5163cc20db0b56f5d2c01cb419c45ad763398553c6b6f,a5ae0207e9ab3cb74b04028cf7438a3f0869e6f5aa8648504717ddc3211af765
lp,WFG4,time_s,lower,412.59212480002316,2,183.478466999979,0.444696968195668,1.0,1,1,1,sensitive_default_not_best,fea6fd4c3a2686c3c7e5163cc20db0b56f5d2c01cb419c45ad763398553c6b6f,ea87b60277ba4152b4eee6da461042232cf02a9b494bfc17639dee0ddff760b6,fea6fd4c3a2686c3c7e5163cc20db0b56f5d2c01cb419c45ad763398553c6b6f,a5ae0207e9ab3cb74b04028cf7438a3f0869e6f5aa8648504717ddc3211af765
lp,WFG9,gd,lower,0.0011994533621931213,3,1.3209681053523393e-05,0.011013084351500222,0.6363636363636364,2,0,1,sensitive_default_not_best,fea6fd4c3a2686c3c7e5163cc20db0b56f5d2c01cb419c45ad763398553c6b6f,ea87b60277ba4152b4eee6da461042232cf02a9b494bfc17639dee0ddff760b6,fea6fd4c3a2686c3c7e5163cc20db0b56f5d2c01cb419c45ad763398553c6b6f,a5ae0207e9ab3cb74b04028cf7438a3f0869e6f5aa8648504717ddc3211af765
lp,WFG9,hv,higher,9.879573965988365,1,0.004313109229514112,0.00043656834235590667,0.5371900826446281,0,2,0,robust_default_not_worse,fea6fd4c3a2686c3c7e5163cc20db0b56f5d2c01cb419c45ad763398553c6b6f,ea87b60277ba4152b4eee6da461042232cf02a9b494bfc17639dee0ddff760b6,fea6fd4c3a2686c3c7e5163cc20db0b56f5d2c01cb419c45ad763398553c6b6f,a5ae0207e9ab3cb74b04028cf7438a3f0869e6f5aa8648504717ddc3211af765
lp,WFG9,igd,lower,0.00948733893412488,3,0.00011775389163523262,0.012411688087972198,0.256198347107438,2,0,0,mixed,fea6fd4c3a2686c3c7e5163cc20db0b56f5d2c01cb419c45ad763398553c6b6f,ea87b60277ba4152b4eee6da461042232cf02a9b494bfc17639dee0ddff760b6,fea6fd4c3a2686c3c7e5163cc20db0b56f5d2c01cb419c45ad763398553c6b6f,a5ae0207e9ab3cb74b04028cf7438a3f0869e6f5aa8648504717ddc3211af765
lp,WFG9,igd_plus,lower,0.007734318308088433,2,5.939356050406637e-05,0.007679223706367694,0.2727272727272727,1,1,0,mixed,fea6fd4c3a2686c3c7e5163cc20db0b56f5d2c01cb419c45ad763398553c6b6f,ea87b60277ba4152b4eee6da461042232cf02a9b494bfc17639dee0ddff760b6,fea6fd4c3a2686c3c7e5163cc20db0b56f5d2c01cb419c45ad763398553c6b6f,a5ae0207e9ab3cb74b04028cf7438a3f0869e6f5aa8648504717ddc3211af765
lp,WFG9,spread,lower,0.24813516868980418,1,0.006632641252972082,0.02672995242066473,0.024793388429752067,0,2,0,robust_small_effects,fea6fd4c3a2686c3c7e5163cc20db0b56f5d2c01cb419c45ad763398553c6b6f,ea87b60277ba4152b4eee6da461042232cf02a9b494bfc17639dee0ddff760b6,fea6fd4c3a2686c3c7e5163cc20db0b56f5d2c01cb419c45ad763398553c6b6f,a5ae0207e9ab3cb74b04028cf7438a3f0869e6f5aa8648504717ddc3211af765
lp,WFG9,time_s,lower,752.9576211000094,2,283.47030199997243,0.37647577241577757,0.9669421487603306,1,1,1,sensitive_default_not_best,fea6fd4c3a2686c3c7e5163cc20db0b56f5d2c01cb419c45ad763398553c6b6f,ea87b60277ba4152b4eee6da461042232cf02a9b494bfc17639dee0ddff760b6,fea6fd4c3a2686c3c7e5163cc20db0b56f5d2c01cb419c45ad763398553c6b6f,a5ae0207e9ab3cb74b04028cf7438a3f0869e6f5aa8648504717ddc3211af765
lp,ZDT1,gd,lower,0.00016032273258283124,2,2.0793443366553556e-05,0.12969741116289019,0.4380165289256198,1,1,0,mixed,fea6fd4c3a2686c3c7e5163cc20db0b56f5d2c01cb419c45ad763398553c6b6f,ea87b60277ba4152b4eee6da461042232cf02a9b494bfc17639dee0ddff760b6,fea6fd4c3a2686c3c7e5163cc20db0b56f5d2c01cb419c45ad763398553c6b6f,a5ae0207e9ab3cb74b04028cf7438a3f0869e6f5aa8648504717ddc3211af765
lp,ZDT1,hv,higher,7.350922972707928,2,1.0456753974708022e-05,1.4225089847263044e-06,0.10743801652892562,1,1,0,robust_small_effects,fea6fd4c3a2686c3c7e5163cc20db0b56f5d2c01cb419c45ad763398553c6b6f,ea87b60277ba4152b4eee6da461042232cf02a9b494bfc17639dee0ddff760b6,fea6fd4c3a2686c3c7e5163cc20db0b56f5d2c01cb419c45ad763398553c6b6f,a5ae0207e9ab3cb74b04028cf7438a3f0869e6f5aa8648504717ddc3211af765
lp,ZDT1,igd,lower,0.0018851894470433203,2,4.276444883957904e-06,0.0022684430419791304,0.05785123966942149,1,1,0,robust_small_effects,fea6fd4c3a2686c3c7e5163cc20db0b56f5d2c01cb419c45ad763398553c6b6f,ea87b60277ba4152b4eee6da461042232cf02a9b494bfc17639dee0ddff760b6,fea6fd4c3a2686c3c7e5163cc20db0b56f5d2c01cb419c45ad763398553c6b6f,a5ae0207e9ab3cb74b04028cf7438a3f0869e6f5aa8648504717ddc3211af765
lp,ZDT1,igd_plus,lower,0.0012311134055858037,2,3.861300832528778e-06,0.003136429848793212,0.256198347107438,1,1,0,mixed,fea6fd4c3a2686c3c7e5163cc20db0b56f5d2c01cb419c45ad763398553c6b6f,ea87b60277ba4152b4eee6da461042232cf02a9b494bfc17639dee0ddff760b6,fea6fd4c3a2686c3c7e5163cc20db0b56f5d2c01cb419c45ad763398553c6b6f,a5ae0207e9ab3cb74b04028cf7438a3f0869e6f5aa8648504717ddc3211af765
lp,ZDT1,spread,lower,0.14304765029866076,1,0.012975455386144641,0.09070722489362078,0.35537190082644626,0,2,0,robust_default_not_worse,fea6fd4c3a2686c3c7e5163cc20db0b56f5d2c01cb419c45ad763398553c6b6f,ea87b60277ba4152b4eee6da461042232cf02a9b494bfc17639dee0ddff760b6,fea6fd4c3a2686c3c7e5163cc20db0b56f5d2c01cb419c45ad763398553c6b6f,a5ae0207e9ab3cb74b04028cf7438a3f0869e6f5aa8648504717ddc3211af765
lp,ZDT1,time_s,lower,560.8738344000012,2,11.937425799987977,0.021283620429107954,0.2727272727272727,1,1,1,sensitive_default_not_best,fea6fd4c3a2686c3c7e5163cc20db0b56f5d2c01cb419c45ad763398553c6b6f,ea87b60277ba4152b4eee6da461042232cf02a9b494bfc17639dee0ddff760b6,fea6fd4c3a2686c3c7e5163cc20db0b56f5d2c01cb419c45ad763398553c6b6f,a5ae0207e9ab3cb74b04028cf7438a3f0869e6f5aa8648504717ddc3211af765
lp,ZDT3,gd,lower,0.00017261640355557394,3,5.459019154395876e-05,0.3162514710045121,0.2231404958677686,2,0,0,mixed,fea6fd4c3a2686c3c7e5163cc20db0b56f5d2c01cb419c45ad763398553c6b6f,ea87b60277ba4152b4eee6da461042232cf02a9b494bfc17639dee0ddff760b6,fea6fd4c3a2686c3c7e5163cc20db0b56f5d2c01cb419c45ad763398553c6b6f,a5ae0207e9ab3cb74b04028cf7438a3f0869e6f5aa8648504717ddc3211af765
lp,ZDT3,hv,higher,7.805983396314495,1,2.1680807516410994e-05,2.777460111771098e-06,0.371900826446281,0,2,0,robust_default_not_worse,fea6fd4c3a2686c3c7e5163cc20db0b56f5d2c01cb419c45ad763398553c6b6f,ea87b60277ba4152b4eee6da461042232cf02a9b494bfc17639dee0ddff760b6,fea6fd4c3a2686c3c7e5163cc20db0b56f5d2c01cb419c45ad763398553c6b6f,a5ae0207e9ab3cb74b04028cf7438a3f0869e6f5aa8648504717ddc3211af765
lp,ZDT3,igd,lower,0.0022637254693022328,3,1.1208126695774062e-05,0.004951186372978715,0.17355371900826447,2,0,0,mixed,fea6fd4c3a2686c3c7e5163cc20db0b56f5d2c01cb419c45ad763398553c6b6f,ea87b60277ba4152b4eee6da461042232cf02a9b494bfc17639dee0ddff760b6,fea6fd4c3a2686c3c7e5163cc20db0b56f5d2c01cb419c45ad763398553c6b6f,a5ae0207e9ab3cb74b04028cf7438a3f0869e6f5aa8648504717ddc3211af765
lp,ZDT3,igd_plus,lower,0.0006573226527298834,1,1.0072675035906588e-05,0.015323791130694226,0.15702479338842976,0,2,0,robust_default_not_worse,fea6fd4c3a2686c3c7e5163cc20db0b56f5d2c01cb419c45ad763398553c6b6f,ea87b60277ba4152b4eee6da461042232cf02a9b494bfc17639dee0ddff760b6,fea6fd4c3a2686c3c7e5163cc20db0b56f5d2c01cb419c45ad763398553c6b6f,a5ae0207e9ab3cb74b04028cf7438a3f0869e6f5aa8648504717ddc3211af765
lp,ZDT3,spread,lower,0.4791639919378634,3,0.002036331826719362,0.004249759708537171,0.12396694214876033,2,0,0,robust_small_effects,fea6fd4c3a2686c3c7e5163cc20db0b56f5d2c01cb419c45ad763398553c6b6f,ea87b60277ba4152b4eee6da461042232cf02a9b494bfc17639dee0ddff760b6,fea6fd4c3a2686c3c7e5163cc20db0b56f5d2c01cb419c45ad763398553c6b6f,a5ae0207e9ab3cb74b04028cf7438a3f0869e6f5aa8648504717ddc3211af765
lp,ZDT3,time_s,lower,448.9510039000015,3,13.226209199987352,0.029460250862771948,0.35537190082644626,2,0,0,mixed,fea6fd4c3a2686c3c7e5163cc20db0b56f5d2c01cb419c45ad763398553c6b6f,ea87b60277ba4152b4eee6da461042232cf02a9b494bfc17639dee0ddff760b6,fea6fd4c3a2686c3c7e5163cc20db0b56f5d2c01cb419c45ad763398553c6b6f,a5ae0207e9ab3cb74b04028cf7438a3f0869e6f5aa8648504717ddc3211af765
memory_H,DASCMOP7_difficulty7,gd,lower,0.0008686422467785126,1,8.131830545858143e-05,0.09361541619713099,0.47107438016528924,0,2,0,robust_default_not_worse,fea6fd4c3a2686c3c7e5163cc20db0b56f5d2c01cb419c45ad763398553c6b6f,ea87b60277ba4152b4eee6da461042232cf02a9b494bfc17639dee0ddff760b6,fea6fd4c3a2686c3c7e5163cc20db0b56f5d2c01cb419c45ad763398553c6b6f,a5ae0207e9ab3cb74b04028cf7438a3f0869e6f5aa8648504717ddc3211af765
memory_H,DASCMOP7_difficulty7,hv,higher,110917.57066837502,1,1.0322187598067103,9.306178936183806e-06,0.47107438016528924,0,2,0,robust_default_not_worse,fea6fd4c3a2686c3c7e5163cc20db0b56f5d2c01cb419c45ad763398553c6b6f,ea87b60277ba4152b4eee6da461042232cf02a9b494bfc17639dee0ddff760b6,fea6fd4c3a2686c3c7e5163cc20db0b56f5d2c01cb419c45ad763398553c6b6f,a5ae0207e9ab3cb74b04028cf7438a3f0869e6f5aa8648504717ddc3211af765
memory_H,DASCMOP7_difficulty7,igd,lower,0.03175457243275749,1,0.0012694014037694865,0.03997538957444733,0.5537190082644629,0,2,0,robust_default_not_worse,fea6fd4c3a2686c3c7e5163cc20db0b56f5d2c01cb419c45ad763398553c6b6f,ea87b60277ba4152b4eee6da461042232cf02a9b494bfc17639dee0ddff760b6,fea6fd4c3a2686c3c7e5163cc20db0b56f5d2c01cb419c45ad763398553c6b6f,a5ae0207e9ab3cb74b04028cf7438a3f0869e6f5aa8648504717ddc3211af765
memory_H,DASCMOP7_difficulty7,igd_plus,lower,0.02221949721641537,1,0.0009631327218170213,0.04334628783163806,0.5371900826446281,0,2,0,robust_default_not_worse,fea6fd4c3a2686c3c7e5163cc20db0b56f5d2c01cb419c45ad763398553c6b6f,ea87b60277ba4152b4eee6da461042232cf02a9b494bfc17639dee0ddff760b6,fea6fd4c3a2686c3c7e5163cc20db0b56f5d2c01cb419c45ad763398553c6b6f,a5ae0207e9ab3cb74b04028cf7438a3f0869e6f5aa8648504717ddc3211af765
memory_H,DASCMOP7_difficulty7,spread,lower,0.016708344600923446,1,0.0009741813621203348,0.05830507961072895,0.2231404958677686,0,2,0,robust_default_not_worse,fea6fd4c3a2686c3c7e5163cc20db0b56f5d2c01cb419c45ad763398553c6b6f,ea87b60277ba4152b4eee6da461042232cf02a9b494bfc17639dee0ddff760b6,fea6fd4c3a2686c3c7e5163cc20db0b56f5d2c01cb419c45ad763398553c6b6f,a5ae0207e9ab3cb74b04028cf7438a3f0869e6f5aa8648504717ddc3211af765
memory_H,DASCMOP7_difficulty7,time_s,lower,307.1453505999816,1,12.24287000001641,0.03986018338256149,0.30578512396694213,0,2,0,robust_default_not_worse,fea6fd4c3a2686c3c7e5163cc20db0b56f5d2c01cb419c45ad763398553c6b6f,ea87b60277ba4152b4eee6da461042232cf02a9b494bfc17639dee0ddff760b6,fea6fd4c3a2686c3c7e5163cc20db0b56f5d2c01cb419c45ad763398553c6b6f,a5ae0207e9ab3cb74b04028cf7438a3f0869e6f5aa8648504717ddc3211af765
memory_H,DTLZ2_n_obj3,gd,lower,0.004718712387124944,3,0.0007299016760875209,0.15468238286339833,0.4049586776859504,2,0,0,mixed,fea6fd4c3a2686c3c7e5163cc20db0b56f5d2c01cb419c45ad763398553c6b6f,ea87b60277ba4152b4eee6da461042232cf02a9b494bfc17639dee0ddff760b6,fea6fd4c3a2686c3c7e5163cc20db0b56f5d2c01cb419c45ad763398553c6b6f,a5ae0207e9ab3cb74b04028cf7438a3f0869e6f5aa8648504717ddc3211af765
memory_H,DTLZ2_n_obj3,hv,higher,17.998843035237176,3,0.012146702558737843,0.0006748601860107162,0.5702479338842975,2,0,0,mixed,fea6fd4c3a2686c3c7e5163cc20db0b56f5d2c01cb419c45ad763398553c6b6f,ea87b60277ba4152b4eee6da461042232cf02a9b494bfc17639dee0ddff760b6,fea6fd4c3a2686c3c7e5163cc20db0b56f5d2c01cb419c45ad763398553c6b6f,a5ae0207e9ab3cb74b04028cf7438a3f0869e6f5aa8648504717ddc3211af765
memory_H,DTLZ2_n_obj3,igd,lower,0.05063230059783576,3,0.0031014692900956237,0.061254757407333646,0.5867768595041323,2,0,0,mixed,fea6fd4c3a2686c3c7e5163cc20db0b56f5d2c01cb419c45ad763398553c6b6f,ea87b60277ba4152b4eee6da461042232cf02a9b494bfc17639dee0ddff760b6,fea6fd4c3a2686c3c7e5163cc20db0b56f5d2c01cb419c45ad763398553c6b6f,a5ae0207e9ab3cb74b04028cf7438a3f0869e6f5aa8648504717ddc3211af765
memory_H,DTLZ2_n_obj3,igd_plus,lower,0.026943424526420016,3,0.002336065397377844,0.08670261625752732,0.6198347107438017,2,0,1,sensitive_default_not_best,fea6fd4c3a2686c3c7e5163cc20db0b56f5d2c01cb419c45ad763398553c6b6f,ea87b60277ba4152b4eee6da461042232cf02a9b494bfc17639dee0ddff760b6,fea6fd4c3a2686c3c7e5163cc20db0b56f5d2c01cb419c45ad763398553c6b6f,a5ae0207e9ab3cb74b04028cf7438a3f0869e6f5aa8648504717ddc3211af765
memory_H,DTLZ2_n_obj3,spread,lower,0.03195784738144764,3,0.005196462897709749,0.1626036583655015,0.2066115702479339,2,0,0,mixed,fea6fd4c3a2686c3c7e5163cc20db0b56f5d2c01cb419c45ad763398553c6b6f,ea87b60277ba4152b4eee6da461042232cf02a9b494bfc17639dee0ddff760b6,fea6fd4c3a2686c3c7e5163cc20db0b56f5d2c01cb419c45ad763398553c6b6f,a5ae0207e9ab3cb74b04028cf7438a3f0869e6f5aa8648504717ddc3211af765
memory_H,DTLZ2_n_obj3,time_s,lower,701.3134969999956,2,4.863306999992346,0.006934569234438072,0.19008264462809918,1,1,0,mixed,fea6fd4c3a2686c3c7e5163cc20db0b56f5d2c01cb419c45ad763398553c6b6f,ea87b60277ba4152b4eee6da461042232cf02a9b494bfc17639dee0ddff760b6,fea6fd4c3a2686c3c7e5163cc20db0b56f5d2c01cb419c45ad763398553c6b6f,a5ae0207e9ab3cb74b04028cf7438a3f0869e6f5aa8648504717ddc3211af765
memory_H,WFG4,gd,lower,0.003721067046112472,1,0.0010592684091293766,0.2846679181005435,1.0,0,2,2,sensitive_default_best,fea6fd4c3a2686c3c7e5163cc20db0b56f5d2c01cb419c45ad763398553c6b6f,ea87b60277ba4152b4eee6da461042232cf02a9b494bfc17639dee0ddff760b6,fea6fd4c3a2686c3c7e5163cc20db0b56f5d2c01cb419c45ad763398553c6b6f,a5ae0207e9ab3cb74b04028cf7438a3f0869e6f5aa8648504717ddc3211af765
memory_H,WFG4,hv,higher,6.242322622922672,3,0.002127539348715679,0.0003408249584702752,0.10743801652892562,2,0,0,robust_small_effects,fea6fd4c3a2686c3c7e5163cc20db0b56f5d2c01cb419c45ad763398553c6b6f,ea87b60277ba4152b4eee6da461042232cf02a9b494bfc17639dee0ddff760b6,fea6fd4c3a2686c3c7e5163cc20db0b56f5d2c01cb419c45ad763398553c6b6f,a5ae0207e9ab3cb74b04028cf7438a3f0869e6f5aa8648504717ddc3211af765
memory_H,WFG4,igd,lower,0.0062384251623810285,2,0.0004311404713118472,0.06911046619773718,0.19008264462809918,1,1,0,mixed,fea6fd4c3a2686c3c7e5163cc20db0b56f5d2c01cb419c45ad763398553c6b6f,ea87b60277ba4152b4eee6da461042232cf02a9b494bfc17639dee0ddff760b6,fea6fd4c3a2686c3c7e5163cc20db0b56f5d2c01cb419c45ad763398553c6b6f,a5ae0207e9ab3cb74b04028cf7438a3f0869e6f5aa8648504717ddc3211af765
memory_H,WFG4,igd_plus,lower,0.003242156001840793,3,0.00018533682255207152,0.05716468376192976,0.2231404958677686,2,0,0,mixed,fea6fd4c3a2686c3c7e5163cc20db0b56f5d2c01cb419c45ad763398553c6b6f,ea87b60277ba4152b4eee6da461042232cf02a9b494bfc17639dee0ddff760b6,fea6fd4c3a2686c3c7e5163cc20db0b56f5d2c01cb419c45ad763398553c6b6f,a5ae0207e9ab3cb74b04028cf7438a3f0869e6f5aa8648504717ddc3211af765
memory_H,WFG4,spread,lower,0.2598675547748449,2,0.004299701115910104,0.016545740462426954,0.2396694214876033,1,1,0,mixed,fea6fd4c3a2686c3c7e5163cc20db0b56f5d2c01cb419c45ad763398553c6b6f,ea87b60277ba4152b4eee6da461042232cf02a9b494bfc17639dee0ddff760b6,fea6fd4c3a2686c3c7e5163cc20db0b56f5d2c01cb419c45ad763398553c6b6f,a5ae0207e9ab3cb74b04028cf7438a3f0869e6f5aa8648504717ddc3211af765
memory_H,WFG4,time_s,lower,412.3346364000172,2,11.478563999990001,0.027837981548691267,0.5702479338842975,1,1,1,sensitive_default_not_best,fea6fd4c3a2686c3c7e5163cc20db0b56f5d2c01cb419c45ad763398553c6b6f,ea87b60277ba4152b4eee6da461042232cf02a9b494bfc17639dee0ddff760b6,fea6fd4c3a2686c3c7e5163cc20db0b56f5d2c01cb419c45ad763398553c6b6f,a5ae0207e9ab3cb74b04028cf7438a3f0869e6f5aa8648504717ddc3211af765
memory_H,WFG9,gd,lower,0.0011994533621931213,3,4.244720565316218e-06,0.003538879208738076,0.35537190082644626,2,0,0,mixed,fea6fd4c3a2686c3c7e5163cc20db0b56f5d2c01cb419c45ad763398553c6b6f,ea87b60277ba4152b4eee6da461042232cf02a9b494bfc17639dee0ddff760b6,fea6fd4c3a2686c3c7e5163cc20db0b56f5d2c01cb419c45ad763398553c6b6f,a5ae0207e9ab3cb74b04028cf7438a3f0869e6f5aa8648504717ddc3211af765
memory_H,WFG9,hv,higher,9.879573965988365,1,0.0038772464708323184,0.0003924507761347008,0.256198347107438,0,2,0,robust_default_not_worse,fea6fd4c3a2686c3c7e5163cc20db0b56f5d2c01cb419c45ad763398553c6b6f,ea87b60277ba4152b4eee6da461042232cf02a9b494bfc17639dee0ddff760b6,fea6fd4c3a2686c3c7e5163cc20db0b56f5d2c01cb419c45ad763398553c6b6f,a5ae0207e9ab3cb74b04028cf7438a3f0869e6f5aa8648504717ddc3211af765
memory_H,WFG9,igd,lower,0.00948733893412488,1,0.00013201011509128037,0.013914345846384278,0.0743801652892562,0,2,0,robust_small_effects,fea6fd4c3a2686c3c7e5163cc20db0b56f5d2c01cb419c45ad763398553c6b6f,ea87b60277ba4152b4eee6da461042232cf02a9b494bfc17639dee0ddff760b6,fea6fd4c3a2686c3c7e5163cc20db0b56f5d2c01cb419c45ad763398553c6b6f,a5ae0207e9ab3cb74b04028cf7438a3f0869e6f5aa8648504717ddc3211af765
memory_H,WFG9,igd_plus,lower,0.007734318308088433,2,6.0724727319035575e-05,0.007851335424807973,0.2727272727272727,1,1,0,mixed,fea6fd4c3a2686c3c7e5163cc20db0b56f5d2c01cb419c45ad763398553c6b6f,ea87b60277ba4152b4eee6da461042232cf02a9b494bfc17639dee0ddff760b6,fea6fd4c3a2686c3c7e5163cc20db0b56f5d2c01cb419c45ad763398553c6b6f,a5ae0207e9ab3cb74b04028cf7438a3f0869e6f5aa8648504717ddc3211af765
memory_H,WFG9,spread,lower,0.24813516868980418,1,0.010107553318980056,0.04073406189195048,0.4214876033057851,0,2,0,robust_default_not_worse,fea6fd4c3a2686c3c7e5163cc20db0b56f5d2c01cb419c45ad763398553c6b6f,ea87b60277ba4152b4eee6da461042232cf02a9b494bfc17639dee0ddff760b6,fea6fd4c3a2686c3c7e5163cc20db0b56f5d2c01cb419c45ad763398553c6b6f,a5ae0207e9ab3cb74b04028cf7438a3f0869e6f5aa8648504717ddc3211af765
memory_H,WFG9,time_s,lower,739.6264703999914,2,11.457620199973462,0.015491089973804155,0.0743801652892562,1,1,0,robust_small_effects,fea6fd4c3a2686c3c7e5163cc20db0b56f5d2c01cb419c45ad763398553c6b6f,ea87b60277ba4152b4eee6da461042232cf02a9b494bfc17639dee0ddff760b6,fea6fd4c3a2686c3c7e5163cc20db0b56f5d2c01cb419c45ad763398553c6b6f,a5ae0207e9ab3cb74b04028cf7438a3f0869e6f5aa8648504717ddc3211af765
memory_H,ZDT1,gd,lower,0.00016032273258283124,1,1.451389639213008e-05,0.09052924783845878,0.4380165289256198,0,2,0,robust_default_not_worse,fea6fd4c3a2686c3c7e5163cc20db0b56f5d2c01cb419c45ad763398553c6b6f,ea87b60277ba4152b4eee6da461042232cf02a9b494bfc17639dee0ddff760b6,fea6fd4c3a2686c3c7e5163cc20db0b56f5d2c01cb419c45ad763398553c6b6f,a5ae0207e9ab3cb74b04028cf7438a3f0869e6f5aa8648504717ddc3211af765
memory_H,ZDT1,hv,higher,7.350922972707928,2,1.831896918602638e-05,2.492063820290318e-06,0.2892561983471074,1,1,0,mixed,fea6fd4c3a2686c3c7e5163cc20db0b56f5d2c01cb419c45ad763398553c6b6f,ea87b60277ba4152b4eee6da461042232cf02a9b494bfc17639dee0ddff760b6,fea6fd4c3a2686c3c7e5163cc20db0b56f5d2c01cb419c45ad763398553c6b6f,a5ae0207e9ab3cb74b04028cf7438a3f0869e6f5aa8648504717ddc3211af765
memory_H,ZDT1,igd,lower,0.0018851894470433203,1,3.7307624185071997e-06,0.001978985414096406,0.05785123966942149,0,2,0,robust_small_effects,fea6fd4c3a2686c3c7e5163cc20db0b56f5d2c01cb419c45ad763398553c6b6f,ea87b60277ba4152b4eee6da461042232cf02a9b494bfc17639dee0ddff760b6,fea6fd4c3a2686c3c7e5163cc20db0b56f5d2c01cb419c45ad763398553c6b6f,a5ae0207e9ab3cb74b04028cf7438a3f0869e6f5aa8648504717ddc3211af765
memory_H,ZDT1,igd_plus,lower,0.0012311134055858037,1,1.1900919705821068e-05,0.00966679401899472,0.15702479338842976,0,2,0,robust_default_not_worse,fea6fd4c3a2686c3c7e5163cc20db0b56f5d2c01cb419c45ad763398553c6b6f,ea87b60277ba4152b4eee6da461042232cf02a9b494bfc17639dee0ddff760b6,fea6fd4c3a2686c3c7e5163cc20db0b56f5d2c01cb419c45ad763398553c6b6f,a5ae0207e9ab3cb74b04028cf7438a3f0869e6f5aa8648504717ddc3211af765
memory_H,ZDT1,spread,lower,0.14304765029866076,3,0.0047107502220744835,0.032931335902681276,0.15702479338842976,2,0,0,mixed,fea6fd4c3a2686c3c7e5163cc20db0b56f5d2c01cb419c45ad763398553c6b6f,ea87b60277ba4152b4eee6da461042232cf02a9b494bfc17639dee0ddff760b6,fea6fd4c3a2686c3c7e5163cc20db0b56f5d2c01cb419c45ad763398553c6b6f,a5ae0207e9ab3cb74b04028cf7438a3f0869e6f5aa8648504717ddc3211af765
memory_H,ZDT1,time_s,lower,567.3930339000071,2,55.56326120000449,0.09792728828214081,0.9669421487603306,1,1,1,sensitive_default_not_best,fea6fd4c3a2686c3c7e5163cc20db0b56f5d2c01cb419c45ad763398553c6b6f,ea87b60277ba4152b4eee6da461042232cf02a9b494bfc17639dee0ddff760b6,fea6fd4c3a2686c3c7e5163cc20db0b56f5d2c01cb419c45ad763398553c6b6f,a5ae0207e9ab3cb74b04028cf7438a3f0869e6f5aa8648504717ddc3211af765
memory_H,ZDT3,gd,lower,0.00017261640355557394,3,5.40212090391985e-05,0.3129552460048001,0.256198347107438,2,0,0,mixed,fea6fd4c3a2686c3c7e5163cc20db0b56f5d2c01cb419c45ad763398553c6b6f,ea87b60277ba4152b4eee6da461042232cf02a9b494bfc17639dee0ddff760b6,fea6fd4c3a2686c3c7e5163cc20db0b56f5d2c01cb419c45ad763398553c6b6f,a5ae0207e9ab3cb74b04028cf7438a3f0869e6f5aa8648504717ddc3211af765
memory_H,ZDT3,hv,higher,7.805983396314495,1,3.390441841677472e-05,4.34338848744955e-06,0.5041322314049587,0,2,1,sensitive_default_best,fea6fd4c3a2686c3c7e5163cc20db0b56f5d2c01cb419c45ad763398553c6b6f,ea87b60277ba4152b4eee6da461042232cf02a9b494bfc17639dee0ddff760b6,fea6fd4c3a2686c3c7e5163cc20db0b56f5d2c01cb419c45ad763398553c6b6f,a5ae0207e9ab3cb74b04028cf7438a3f0869e6f5aa8648504717ddc3211af765
memory_H,ZDT3,igd,lower,0.0022637254693022328,2,1.1464386144148e-06,0.0005064388902105591,0.05785123966942149,1,1,0,robust_small_effects,fea6fd4c3a2686c3c7e5163cc20db0b56f5d2c01cb419c45ad763398553c6b6f,ea87b60277ba4152b4eee6da461042232cf02a9b494bfc17639dee0ddff760b6,fea6fd4c3a2686c3c7e5163cc20db0b56f5d2c01cb419c45ad763398553c6b6f,a5ae0207e9ab3cb74b04028cf7438a3f0869e6f5aa8648504717ddc3211af765
memory_H,ZDT3,igd_plus,lower,0.0006573226527298834,1,1.1265902291175038e-05,0.017139075071256653,0.2231404958677686,0,2,0,robust_default_not_worse,fea6fd4c3a2686c3c7e5163cc20db0b56f5d2c01cb419c45ad763398553c6b6f,ea87b60277ba4152b4eee6da461042232cf02a9b494bfc17639dee0ddff760b6,fea6fd4c3a2686c3c7e5163cc20db0b56f5d2c01cb419c45ad763398553c6b6f,a5ae0207e9ab3cb74b04028cf7438a3f0869e6f5aa8648504717ddc3211af765
memory_H,ZDT3,spread,lower,0.4791639919378634,3,0.00745337144959074,0.015554948984057366,0.2231404958677686,2,0,0,mixed,fea6fd4c3a2686c3c7e5163cc20db0b56f5d2c01cb419c45ad763398553c6b6f,ea87b60277ba4152b4eee6da461042232cf02a9b494bfc17639dee0ddff760b6,fea6fd4c3a2686c3c7e5163cc20db0b56f5d2c01cb419c45ad763398553c6b6f,a5ae0207e9ab3cb74b04028cf7438a3f0869e6f5aa8648504717ddc3211af765
memory_H,ZDT3,time_s,lower,453.58025830000406,2,13.22324849999859,0.02915305121426285,0.4380165289256198,1,1,1,sensitive_default_not_best,fea6fd4c3a2686c3c7e5163cc20db0b56f5d2c01cb419c45ad763398553c6b6f,ea87b60277ba4152b4eee6da461042232cf02a9b494bfc17639dee0ddff760b6,fea6fd4c3a2686c3c7e5163cc20db0b56f5d2c01cb419c45ad763398553c6b6f,a5ae0207e9ab3cb74b04028cf7438a3f0869e6f5aa8648504717ddc3211af765
pi_min,DASCMOP7_difficulty7,gd,lower,0.0008686422467785126,1,5.2600414579389784e-05,0.06055475055981464,0.3884297520661157,0,2,0,robust_default_not_worse,fea6fd4c3a2686c3c7e5163cc20db0b56f5d2c01cb419c45ad763398553c6b6f,ea87b60277ba4152b4eee6da461042232cf02a9b494bfc17639dee0ddff760b6,fea6fd4c3a2686c3c7e5163cc20db0b56f5d2c01cb419c45ad763398553c6b6f,a5ae0207e9ab3cb74b04028cf7438a3f0869e6f5aa8648504717ddc3211af765
pi_min,DASCMOP7_difficulty7,hv,higher,110917.57066837502,1,1.4528729324811138,1.3098672498201036e-05,0.5371900826446281,0,2,0,robust_default_not_worse,fea6fd4c3a2686c3c7e5163cc20db0b56f5d2c01cb419c45ad763398553c6b6f,ea87b60277ba4152b4eee6da461042232cf02a9b494bfc17639dee0ddff760b6,fea6fd4c3a2686c3c7e5163cc20db0b56f5d2c01cb419c45ad763398553c6b6f,a5ae0207e9ab3cb74b04028cf7438a3f0869e6f5aa8648504717ddc3211af765
pi_min,DASCMOP7_difficulty7,igd,lower,0.03175457243275749,1,0.001008935987761042,0.0317729356897352,0.5867768595041323,0,2,0,robust_default_not_worse,fea6fd4c3a2686c3c7e5163cc20db0b56f5d2c01cb419c45ad763398553c6b6f,ea87b60277ba4152b4eee6da461042232cf02a9b494bfc17639dee0ddff760b6,fea6fd4c3a2686c3c7e5163cc20db0b56f5d2c01cb419c45ad763398553c6b6f,a5ae0207e9ab3cb74b04028cf7438a3f0869e6f5aa8648504717ddc3211af765
pi_min,DASCMOP7_difficulty7,igd_plus,lower,0.02221949721641537,1,0.0008396238476218246,0.03778770687041133,0.6694214876033058,0,2,2,sensitive_default_best,fea6fd4c3a2686c3c7e5163cc20db0b56f5d2c01cb419c45ad763398553c6b6f,ea87b60277ba4152b4eee6da461042232cf02a9b494bfc17639dee0ddff760b6,fea6fd4c3a2686c3c7e5163cc20db0b56f5d2c01cb419c45ad763398553c6b6f,a5ae0207e9ab3cb74b04028cf7438a3f0869e6f5aa8648504717ddc3211af765
pi_min,DASCMOP7_difficulty7,spread,lower,0.016708344600923446,3,0.0004247765672421612,0.025423019298912736,0.256198347107438,2,0,0,mixed,fea6fd4c3a2686c3c7e5163cc20db0b56f5d2c01cb419c45ad763398553c6b6f,ea87b60277ba4152b4eee6da461042232cf02a9b494bfc17639dee0ddff760b6,fea6fd4c3a2686c3c7e5163cc20db0b56f5d2c01cb419c45ad763398553c6b6f,a5ae0207e9ab3cb74b04028cf7438a3f0869e6f5aa8648504717ddc3211af765
pi_min,DASCMOP7_difficulty7,time_s,lower,469.0683263000101,3,155.26751670002704,0.33101257960598246,1.0,2,0,1,sensitive_default_not_best,fea6fd4c3a2686c3c7e5163cc20db0b56f5d2c01cb419c45ad763398553c6b6f,ea87b60277ba4152b4eee6da461042232cf02a9b494bfc17639dee0ddff760b6,fea6fd4c3a2686c3c7e5163cc20db0b56f5d2c01cb419c45ad763398553c6b6f,a5ae0207e9ab3cb74b04028cf7438a3f0869e6f5aa8648504717ddc3211af765
pi_min,DTLZ2_n_obj3,gd,lower,0.004718712387124944,1,0.0002554548954177985,0.05413656829664166,0.024793388429752067,0,2,0,robust_small_effects,fea6fd4c3a2686c3c7e5163cc20db0b56f5d2c01cb419c45ad763398553c6b6f,ea87b60277ba4152b4eee6da461042232cf02a9b494bfc17639dee0ddff760b6,fea6fd4c3a2686c3c7e5163cc20db0b56f5d2c01cb419c45ad763398553c6b6f,a5ae0207e9ab3cb74b04028cf7438a3f0869e6f5aa8648504717ddc3211af765
pi_min,DTLZ2_n_obj3,hv,higher,17.998843035237176,3,0.009867524579007636,0.0005482310479451108,0.371900826446281,2,0,0,mixed,fea6fd4c3a2686c3c7e5163cc20db0b56f5d2c01cb419c45ad763398553c6b6f,ea87b60277ba4152b4eee6da461042232cf02a9b494bfc17639dee0ddff760b6,fea6fd4c3a2686c3c7e5163cc20db0b56f5d2c01cb419c45ad763398553c6b6f,a5ae0207e9ab3cb74b04028cf7438a3f0869e6f5aa8648504717ddc3211af765
pi_min,DTLZ2_n_obj3,igd,lower,0.05063230059783576,3,0.0027087893590498485,0.053499235212820524,0.2892561983471074,2,0,0,mixed,fea6fd4c3a2686c3c7e5163cc20db0b56f5d2c01cb419c45ad763398553c6b6f,ea87b60277ba4152b4eee6da461042232cf02a9b494bfc17639dee0ddff760b6,fea6fd4c3a2686c3c7e5163cc20db0b56f5d2c01cb419c45ad763398553c6b6f,a5ae0207e9ab3cb74b04028cf7438a3f0869e6f5aa8648504717ddc3211af765
pi_min,DTLZ2_n_obj3,igd_plus,lower,0.026943424526420016,3,0.00183465417793479,0.06809283564291452,0.32231404958677684,2,0,0,mixed,fea6fd4c3a2686c3c7e5163cc20db0b56f5d2c01cb419c45ad763398553c6b6f,ea87b60277ba4152b4eee6da461042232cf02a9b494bfc17639dee0ddff760b6,fea6fd4c3a2686c3c7e5163cc20db0b56f5d2c01cb419c45ad763398553c6b6f,a5ae0207e9ab3cb74b04028cf7438a3f0869e6f5aa8648504717ddc3211af765
pi_min,DTLZ2_n_obj3,spread,lower,0.03195784738144764,1,0.0027887364041441695,0.08726296145225047,0.12396694214876033,0,2,0,robust_small_effects,fea6fd4c3a2686c3c7e5163cc20db0b56f5d2c01cb419c45ad763398553c6b6f,ea87b60277ba4152b4eee6da461042232cf02a9b494bfc17639dee0ddff760b6,fea6fd4c3a2686c3c7e5163cc20db0b56f5d2c01cb419c45ad763398553c6b6f,a5ae0207e9ab3cb74b04028cf7438a3f0869e6f5aa8648504717ddc3211af765
pi_min,DTLZ2_n_obj3,time_s,lower,1059.7427984999958,3,342.2335307999747,0.3229401806592942,1.0,2,0,2,sensitive_default_not_best,fea6fd4c3a2686c3c7e5163cc20db0b56f5d2c01cb419c45ad763398553c6b6f,ea87b60277ba4152b4eee6da461042232cf02a9b494bfc17639dee0ddff760b6,fea6fd4c3a2686c3c7e5163cc20db0b56f5d2c01cb419c45ad763398553c6b6f,a5ae0207e9ab3cb74b04028cf7438a3f0869e6f5aa8648504717ddc3211af765
pi_min,WFG4,gd,lower,0.005372816381887593,2,0.0010449679186554112,0.1944916491429194,1.0,1,1,2,sensitive_default_not_best,fea6fd4c3a2686c3c7e5163cc20db0b56f5d2c01cb419c45ad763398553c6b6f,ea87b60277ba4152b4eee6da461042232cf02a9b494bfc17639dee0ddff760b6,fea6fd4c3a2686c3c7e5163cc20db0b56f5d2c01cb419c45ad763398553c6b6f,a5ae0207e9ab3cb74b04028cf7438a3f0869e6f5aa8648504717ddc3211af765
pi_min,WFG4,hv,higher,6.242322622922672,3,0.0018370477251474782,0.00029428913500907254,0.05785123966942149,2,0,0,robust_small_effects,fea6fd4c3a2686c3c7e5163cc20db0b56f5d2c01cb419c45ad763398553c6b6f,ea87b60277ba4152b4eee6da461042232cf02a9b494bfc17639dee0ddff760b6,fea6fd4c3a2686c3c7e5163cc20db0b56f5d2c01cb419c45ad763398553c6b6f,a5ae0207e9ab3cb74b04028cf7438a3f0869e6f5aa8648504717ddc3211af765
pi_min,WFG4,igd,lower,0.0065220232149132695,3,0.0007425269803582437,0.11384917776133949,0.5041322314049587,2,0,1,sensitive_default_not_best,fea6fd4c3a2686c3c7e5163cc20db0b56f5d2c01cb419c45ad763398553c6b6f,ea87b60277ba4152b4eee6da461042232cf02a9b494bfc17639dee0ddff760b6,fea6fd4c3a2686c3c7e5163cc20db0b56f5d2c01cb419c45ad763398553c6b6f,a5ae0207e9ab3cb74b04028cf7438a3f0869e6f5aa8648504717ddc3211af765
pi_min,WFG4,igd_plus,lower,0.0032469596937453565,2,8.107256372442235e-05,0.024968761971573918,0.30578512396694213,1,1,0,mixed,fea6fd4c3a2686c3c7e5163cc20db0b56f5d2c01cb419c45ad763398553c6b6f,ea87b60277ba4152b4eee6da461042232cf02a9b494bfc17639dee0ddff760b6,fea6fd4c3a2686c3c7e5163cc20db0b56f5d2c01cb419c45ad763398553c6b6f,a5ae0207e9ab3cb74b04028cf7438a3f0869e6f5aa8648504717ddc3211af765
pi_min,WFG4,spread,lower,0.26102932036639614,3,0.007195335243035839,0.02756523762516809,0.2396694214876033,2,0,0,mixed,fea6fd4c3a2686c3c7e5163cc20db0b56f5d2c01cb419c45ad763398553c6b6f,ea87b60277ba4152b4eee6da461042232cf02a9b494bfc17639dee0ddff760b6,fea6fd4c3a2686c3c7e5163cc20db0b56f5d2c01cb419c45ad763398553c6b6f,a5ae0207e9ab3cb74b04028cf7438a3f0869e6f5aa8648504717ddc3211af765
pi_min,WFG4,time_s,lower,561.2807460999466,2,150.97519709996413,0.2689833887034496,1.0,1,1,1,sensitive_default_not_best,fea6fd4c3a2686c3c7e5163cc20db0b56f5d2c01cb419c45ad763398553c6b6f,ea87b60277ba4152b4eee6da461042232cf02a9b494bfc17639dee0ddff760b6,fea6fd4c3a2686c3c7e5163cc20db0b56f5d2c01cb419c45ad763398553c6b6f,a5ae0207e9ab3cb74b04028cf7438a3f0869e6f5aa8648504717ddc3211af765
pi_min,WFG9,gd,lower,0.0011994533621931213,3,1.317973571774789e-05,0.010988118532303427,0.71900826446281,2,0,1,sensitive_default_not_best,fea6fd4c3a2686c3c7e5163cc20db0b56f5d2c01cb419c45ad763398553c6b6f,ea87b60277ba4152b4eee6da461042232cf02a9b494bfc17639dee0ddff760b6,fea6fd4c3a2686c3c7e5163cc20db0b56f5d2c01cb419c45ad763398553c6b6f,a5ae0207e9ab3cb74b04028cf7438a3f0869e6f5aa8648504717ddc3211af765
pi_min,WFG9,hv,higher,9.879573965988365,1,0.0016678196480430785,0.00016881493612829363,0.024793388429752067,0,2,0,robust_small_effects,fea6fd4c3a2686c3c7e5163cc20db0b56f5d2c01cb419c45ad763398553c6b6f,ea87b60277ba4152b4eee6da461042232cf02a9b494bfc17639dee0ddff760b6,fea6fd4c3a2686c3c7e5163cc20db0b56f5d2c01cb419c45ad763398553c6b6f,a5ae0207e9ab3cb74b04028cf7438a3f0869e6f5aa8648504717ddc3211af765
pi_min,WFG9,igd,lower,0.00948733893412488,3,8.057440405533425e-05,0.008492834989326384,0.17355371900826447,2,0,0,mixed,fea6fd4c3a2686c3c7e5163cc20db0b56f5d2c01cb419c45ad763398553c6b6f,ea87b60277ba4152b4eee6da461042232cf02a9b494bfc17639dee0ddff760b6,fea6fd4c3a2686c3c7e5163cc20db0b56f5d2c01cb419c45ad763398553c6b6f,a5ae0207e9ab3cb74b04028cf7438a3f0869e6f5aa8648504717ddc3211af765
pi_min,WFG9,igd_plus,lower,0.007734318308088433,3,3.518217874887413e-05,0.004548840291726957,0.10743801652892562,2,0,0,robust_small_effects,fea6fd4c3a2686c3c7e5163cc20db0b56f5d2c01cb419c45ad763398553c6b6f,ea87b60277ba4152b4eee6da461042232cf02a9b494bfc17639dee0ddff760b6,fea6fd4c3a2686c3c7e5163cc20db0b56f5d2c01cb419c45ad763398553c6b6f,a5ae0207e9ab3cb74b04028cf7438a3f0869e6f5aa8648504717ddc3211af765
pi_min,WFG9,spread,lower,0.24813516868980418,1,0.004164401752648261,0.016782795339479725,0.17355371900826447,0,2,0,robust_default_not_worse,fea6fd4c3a2686c3c7e5163cc20db0b56f5d2c01cb419c45ad763398553c6b6f,ea87b60277ba4152b4eee6da461042232cf02a9b494bfc17639dee0ddff760b6,fea6fd4c3a2686c3c7e5163cc20db0b56f5d2c01cb419c45ad763398553c6b6f,a5ae0207e9ab3cb74b04028cf7438a3f0869e6f5aa8648504717ddc3211af765
pi_min,WFG9,time_s,lower,1123.4460239000036,3,373.054564399994,0.33206273952080767,1.0,2,0,2,sensitive_default_not_best,fea6fd4c3a2686c3c7e5163cc20db0b56f5d2c01cb419c45ad763398553c6b6f,ea87b60277ba4152b4eee6da461042232cf02a9b494bfc17639dee0ddff760b6,fea6fd4c3a2686c3c7e5163cc20db0b56f5d2c01cb419c45ad763398553c6b6f,a5ae0207e9ab3cb74b04028cf7438a3f0869e6f5aa8648504717ddc3211af765
pi_min,ZDT1,gd,lower,0.00016032273258283124,1,0.00014447304231409165,0.9011388465416107,0.2396694214876033,0,2,0,robust_default_not_worse,fea6fd4c3a2686c3c7e5163cc20db0b56f5d2c01cb419c45ad763398553c6b6f,ea87b60277ba4152b4eee6da461042232cf02a9b494bfc17639dee0ddff760b6,fea6fd4c3a2686c3c7e5163cc20db0b56f5d2c01cb419c45ad763398553c6b6f,a5ae0207e9ab3cb74b04028cf7438a3f0869e6f5aa8648504717ddc3211af765
pi_min,ZDT1,hv,higher,7.350922972707928,1,2.3470343810672034e-05,3.1928431161381145e-06,0.3884297520661157,0,2,0,robust_default_not_worse,fea6fd4c3a2686c3c7e5163cc20db0b56f5d2c01cb419c45ad763398553c6b6f,ea87b60277ba4152b4eee6da461042232cf02a9b494bfc17639dee0ddff760b6,fea6fd4c3a2686c3c7e5163cc20db0b56f5d2c01cb419c45ad763398553c6b6f,a5ae0207e9ab3cb74b04028cf7438a3f0869e6f5aa8648504717ddc3211af765
pi_min,ZDT1,igd,lower,0.0018851894470433203,2,1.4382359360371171e-05,0.007629132118752347,0.2231404958677686,1,1,0,mixed,fea6fd4c3a2686c3c7e5163cc20db0b56f5d2c01cb419c45ad763398553c6b6f,ea87b60277ba4152b4eee6da461042232cf02a9b494bfc17639dee0ddff760b6,fea6fd4c3a2686c3c7e5163cc20db0b56f5d2c01cb419c45ad763398553c6b6f,a5ae0207e9ab3cb74b04028cf7438a3f0869e6f5aa8648504717ddc3211af765
pi_min,ZDT1,igd_plus,lower,0.0012311134055858037,1,1.533446923759744e-05,0.012455773097768196,0.3884297520661157,0,2,0,robust_default_not_worse,fea6fd4c3a2686c3c7e5163cc20db0b56f5d2c01cb419c45ad763398553c6b6f,ea87b60277ba4152b4eee6da461042232cf02a9b494bfc17639dee0ddff760b6,fea6fd4c3a2686c3c7e5163cc20db0b56f5d2c01cb419c45ad763398553c6b6f,a5ae0207e9ab3cb74b04028cf7438a3f0869e6f5aa8648504717ddc3211af765
pi_min,ZDT1,spread,lower,0.14304765029866076,1,0.05385772725273216,0.3765020057322563,0.48760330578512395,0,2,0,robust_default_not_worse,fea6fd4c3a2686c3c7e5163cc20db0b56f5d2c01cb419c45ad763398553c6b6f,ea87b60277ba4152b4eee6da461042232cf02a9b494bfc17639dee0ddff760b6,fea6fd4c3a2686c3c7e5163cc20db0b56f5d2c01cb419c45ad763398553c6b6f,a5ae0207e9ab3cb74b04028cf7438a3f0869e6f5aa8648504717ddc3211af765
pi_min,ZDT1,time_s,lower,763.8482864000252,1,61.084127600013744,0.07996892666723109,1.0,0,2,2,sensitive_default_best,fea6fd4c3a2686c3c7e5163cc20db0b56f5d2c01cb419c45ad763398553c6b6f,ea87b60277ba4152b4eee6da461042232cf02a9b494bfc17639dee0ddff760b6,fea6fd4c3a2686c3c7e5163cc20db0b56f5d2c01cb419c45ad763398553c6b6f,a5ae0207e9ab3cb74b04028cf7438a3f0869e6f5aa8648504717ddc3211af765
pi_min,ZDT3,gd,lower,0.00017261640355557394,3,5.390976216590275e-05,0.3123096128494328,0.10743801652892562,2,0,0,robust_small_effects,fea6fd4c3a2686c3c7e5163cc20db0b56f5d2c01cb419c45ad763398553c6b6f,ea87b60277ba4152b4eee6da461042232cf02a9b494bfc17639dee0ddff760b6,fea6fd4c3a2686c3c7e5163cc20db0b56f5d2c01cb419c45ad763398553c6b6f,a5ae0207e9ab3cb74b04028cf7438a3f0869e6f5aa8648504717ddc3211af765
pi_min,ZDT3,hv,higher,7.805983396314495,1,2.9976056292291275e-05,3.840138361867914e-06,0.5867768595041323,0,2,1,sensitive_default_best,fea6fd4c3a2686c3c7e5163cc20db0b56f5d2c01cb419c45ad763398553c6b6f,ea87b60277ba4152b4eee6da461042232cf02a9b494bfc17639dee0ddff760b6,fea6fd4c3a2686c3c7e5163cc20db0b56f5d2c01cb419c45ad763398553c6b6f,a5ae0207e9ab3cb74b04028cf7438a3f0869e6f5aa8648504717ddc3211af765
pi_min,ZDT3,igd,lower,0.0022637254693022328,3,2.2794111364235134e-06,0.0010069291384198259,0.09090909090909091,2,0,0,robust_small_effects,fea6fd4c3a2686c3c7e5163cc20db0b56f5d2c01cb419c45ad763398553c6b6f,ea87b60277ba4152b4eee6da461042232cf02a9b494bfc17639dee0ddff760b6,fea6fd4c3a2686c3c7e5163cc20db0b56f5d2c01cb419c45ad763398553c6b6f,a5ae0207e9ab3cb74b04028cf7438a3f0869e6f5aa8648504717ddc3211af765
pi_min,ZDT3,igd_plus,lower,0.0006573226527298834,1,2.182723417744239e-05,0.03320627105545981,0.30578512396694213,0,2,0,robust_default_not_worse,fea6fd4c3a2686c3c7e5163cc20db0b56f5d2c01cb419c45ad763398553c6b6f,ea87b60277ba4152b4eee6da461042232cf02a9b494bfc17639dee0ddff760b6,fea6fd4c3a2686c3c7e5163cc20db0b56f5d2c01cb419c45ad763398553c6b6f,a5ae0207e9ab3cb74b04028cf7438a3f0869e6f5aa8648504717ddc3211af765
pi_min,ZDT3,spread,lower,0.4791639919378634,3,0.005213947466629232,0.010881342409605272,0.2396694214876033,2,0,0,mixed,fea6fd4c3a2686c3c7e5163cc20db0b56f5d2c01cb419c45ad763398553c6b6f,ea87b60277ba4152b4eee6da461042232cf02a9b494bfc17639dee0ddff760b6,fea6fd4c3a2686c3c7e5163cc20db0b56f5d2c01cb419c45ad763398553c6b6f,a5ae0207e9ab3cb74b04028cf7438a3f0869e6f5aa8648504717ddc3211af765
pi_min,ZDT3,time_s,lower,616.950965099968,2,69.27862950001145,0.11229195417302872,0.6198347107438017,1,1,2,sensitive_default_not_best,fea6fd4c3a2686c3c7e5163cc20db0b56f5d2c01cb419c45ad763398553c6b6f,ea87b60277ba4152b4eee6da461042232cf02a9b494bfc17639dee0ddff760b6,fea6fd4c3a2686c3c7e5163cc20db0b56f5d2c01cb419c45ad763398553c6b6f,a5ae0207e9ab3cb74b04028cf7438a3f0869e6f5aa8648504717ddc3211af765
stag_ratio,DASCMOP7_difficulty7,gd,lower,0.0008686422467785126,1,5.578140522034987e-05,0.06421677673083874,0.19008264462809918,0,2,0,robust_default_not_worse,fea6fd4c3a2686c3c7e5163cc20db0b56f5d2c01cb419c45ad763398553c6b6f,ea87b60277ba4152b4eee6da461042232cf02a9b494bfc17639dee0ddff760b6,fea6fd4c3a2686c3c7e5163cc20db0b56f5d2c01cb419c45ad763398553c6b6f,a5ae0207e9ab3cb74b04028cf7438a3f0869e6f5aa8648504717ddc3211af765
stag_ratio,DASCMOP7_difficulty7,hv,higher,110917.57066837502,1,3.1798429771442898,2.8668523462810852e-05,0.8347107438016529,0,2,1,sensitive_default_best,fea6fd4c3a2686c3c7e5163cc20db0b56f5d2c01cb419c45ad763398553c6b6f,ea87b60277ba4152b4eee6da461042232cf02a9b494bfc17639dee0ddff760b6,fea6fd4c3a2686c3c7e5163cc20db0b56f5d2c01cb419c45ad763398553c6b6f,a5ae0207e9ab3cb74b04028cf7438a3f0869e6f5aa8648504717ddc3211af765
stag_ratio,DASCMOP7_difficulty7,igd,lower,0.03175457243275749,1,0.00081396080900481,0.025632869430959226,0.5371900826446281,0,2,0,robust_default_not_worse,fea6fd4c3a2686c3c7e5163cc20db0b56f5d2c01cb419c45ad763398553c6b6f,ea87b60277ba4152b4eee6da461042232cf02a9b494bfc17639dee0ddff760b6,fea6fd4c3a2686c3c7e5163cc20db0b56f5d2c01cb419c45ad763398553c6b6f,a5ae0207e9ab3cb74b04028cf7438a3f0869e6f5aa8648504717ddc3211af765
stag_ratio,DASCMOP7_difficulty7,igd_plus,lower,0.02221949721641537,1,0.0009125903465538043,0.04107160201085013,0.7851239669421488,0,2,1,sensitive_default_best,fea6fd4c3a2686c3c7e5163cc20db0b56f5d2c01cb419c45ad763398553c6b6f,ea87b60277ba4152b4eee6da461042232cf02a9b494bfc17639dee0ddff760b6,fea6fd4c3a2686c3c7e5163cc20db0b56f5d2c01cb419c45ad763398553c6b6f,a5ae0207e9ab3cb74b04028cf7438a3f0869e6f5aa8648504717ddc3211af765
stag_ratio,DASCMOP7_difficulty7,spread,lower,0.016708344600923446,2,0.0003842355081839846,0.02299662338558354,0.09090909090909091,1,1,0,robust_small_effects,fea6fd4c3a2686c3c7e5163cc20db0b56f5d2c01cb419c45ad763398553c6b6f,ea87b60277ba4152b4eee6da461042232cf02a9b494bfc17639dee0ddff760b6,fea6fd4c3a2686c3c7e5163cc20db0b56f5d2c01cb419c45ad763398553c6b6f,a5ae0207e9ab3cb74b04028cf7438a3f0869e6f5aa8648504717ddc3211af765
stag_ratio,DASCMOP7_difficulty7,time_s,lower,470.2256286999909,3,159.96469749999233,0.3401871096270075,1.0,2,0,2,sensitive_default_not_best,fea6fd4c3a2686c3c7e5163cc20db0b56f5d2c01cb419c45ad763398553c6b6f,ea87b60277ba4152b4eee6da461042232cf02a9b494bfc17639dee0ddff760b6,fea6fd4c3a2686c3c7e5163cc20db0b56f5d2c01cb419c45ad763398553c6b6f,a5ae0207e9ab3cb74b04028cf7438a3f0869e6f5aa8648504717ddc3211af765
stag_ratio,DTLZ2_n_obj3,gd,lower,0.004718712387124944,2,0.0009507566465431069,0.20148645828409809,0.6694214876033058,1,1,1,sensitive_default_not_best,fea6fd4c3a2686c3c7e5163cc20db0b56f5d2c01cb419c45ad763398553c6b6f,ea87b60277ba4152b4eee6da461042232cf02a9b494bfc17639dee0ddff760b6,fea6fd4c3a2686c3c7e5163cc20db0b56f5d2c01cb419c45ad763398553c6b6f,a5ae0207e9ab3cb74b04028cf7438a3f0869e6f5aa8648504717ddc3211af765
stag_ratio,DTLZ2_n_obj3,hv,higher,17.998843035237176,2,0.010363737042094812,0.0005758001790340212,0.6033057851239669,1,1,1,sensitive_default_not_best,fea6fd4c3a2686c3c7e5163cc20db0b56f5d2c01cb419c45ad763398553c6b6f,ea87b60277ba4152b4eee6da461042232cf02a9b494bfc17639dee0ddff760b6,fea6fd4c3a2686c3c7e5163cc20db0b56f5d2c01cb419c45ad763398553c6b6f,a5ae0207e9ab3cb74b04028cf7438a3f0869e6f5aa8648504717ddc3211af765
stag_ratio,DTLZ2_n_obj3,igd,lower,0.05063230059783576,3,0.002504445797896951,0.04946340119500716,0.6033057851239669,2,0,1,sensitive_default_not_best,fea6fd4c3a2686c3c7e5163cc20db0b56f5d2c01cb419c45ad763398553c6b6f,ea87b60277ba4152b4eee6da461042232cf02a9b494bfc17639dee0ddff760b6,fea6fd4c3a2686c3c7e5163cc20db0b56f5d2c01cb419c45ad763398553c6b6f,a5ae0207e9ab3cb74b04028cf7438a3f0869e6f5aa8648504717ddc3211af765
stag_ratio,DTLZ2_n_obj3,igd_plus,lower,0.026943424526420016,3,0.0018466523530925975,0.06853814559770673,0.5041322314049587,2,0,0,mixed,fea6fd4c3a2686c3c7e5163cc20db0b56f5d2c01cb419c45ad763398553c6b6f,ea87b60277ba4152b4eee6da461042232cf02a9b494bfc17639dee0ddff760b6,fea6fd4c3a2686c3c7e5163cc20db0b56f5d2c01cb419c45ad763398553c6b6f,a5ae0207e9ab3cb74b04028cf7438a3f0869e6f5aa8648504717ddc3211af765
stag_ratio,DTLZ2_n_obj3,spread,lower,0.03195784738144764,2,0.006924891550987616,0.21668829781719573,0.48760330578512395,1,1,0,mixed,fea6fd4c3a2686c3c7e5163cc20db0b56f5d2c01cb419c45ad763398553c6b6f,ea87b60277ba4152b4eee6da461042232cf02a9b494bfc17639dee0ddff760b6,fea6fd4c3a2686c3c7e5163cc20db0b56f5d2c01cb419c45ad763398553c6b6f,a5ae0207e9ab3cb74b04028cf7438a3f0869e6f5aa8648504717ddc3211af765
stag_ratio,DTLZ2_n_obj3,time_s,lower,1022.9353384000133,3,346.4864418999641,0.33871783376054654,1.0,2,0,1,sensitive_default_not_best,fea6fd4c3a2686c3c7e5163cc20db0b56f5d2c01cb419c45ad763398553c6b6f,ea87b60277ba4152b4eee6da461042232cf02a9b494bfc17639dee0ddff760b6,fea6fd4c3a2686c3c7e5163cc20db0b56f5d2c01cb419c45ad763398553c6b6f,a5ae0207e9ab3cb74b04028cf7438a3f0869e6f5aa8648504717ddc3211af765
stag_ratio,WFG4,gd,lower,0.004727877779193193,3,0.0014204225346010247,0.3004355444322459,1.0,2,0,2,sensitive_default_not_best,fea6fd4c3a2686c3c7e5163cc20db0b56f5d2c01cb419c45ad763398553c6b6f,ea87b60277ba4152b4eee6da461042232cf02a9b494bfc17639dee0ddff760b6,fea6fd4c3a2686c3c7e5163cc20db0b56f5d2c01cb419c45ad763398553c6b6f,a5ae0207e9ab3cb74b04028cf7438a3f0869e6f5aa8648504717ddc3211af765
stag_ratio,WFG4,hv,higher,6.242322622922672,2,0.009080770130653448,0.0014547101582522513,0.9338842975206612,1,1,1,sensitive_default_not_best,fea6fd4c3a2686c3c7e5163cc20db0b56f5d2c01cb419c45ad763398553c6b6f,ea87b60277ba4152b4eee6da461042232cf02a9b494bfc17639dee0ddff760b6,fea6fd4c3a2686c3c7e5163cc20db0b56f5d2c01cb419c45ad763398553c6b6f,a5ae0207e9ab3cb74b04028cf7438a3f0869e6f5aa8648504717ddc3211af765
stag_ratio,WFG4,igd,lower,0.006171235810539955,2,0.0003228228509764954,0.05231089215958024,0.5206611570247934,1,1,1,sensitive_default_not_best,fea6fd4c3a2686c3c7e5163cc20db0b56f5d2c01cb419c45ad763398553c6b6f,ea87b60277ba4152b4eee6da461042232cf02a9b494bfc17639dee0ddff760b6,fea6fd4c3a2686c3c7e5163cc20db0b56f5d2c01cb419c45ad763398553c6b6f,a5ae0207e9ab3cb74b04028cf7438a3f0869e6f5aa8648504717ddc3211af765
stag_ratio,WFG4,igd_plus,lower,0.00305422306057789,2,0.0008864190599269517,0.2902273482799361,0.9173553719008265,1,1,2,sensitive_default_not_best,fea6fd4c3a2686c3c7e5163cc20db0b56f5d2c01cb419c45ad763398553c6b6f,ea87b60277ba4152b4eee6da461042232cf02a9b494bfc17639dee0ddff760b6,fea6fd4c3a2686c3c7e5163cc20db0b56f5d2c01cb419c45ad763398553c6b6f,a5ae0207e9ab3cb74b04028cf7438a3f0869e6f5aa8648504717ddc3211af765
stag_ratio,WFG4,spread,lower,0.26399462403196355,3,0.006922608458731827,0.026222535720627636,0.371900826446281,2,0,0,mixed,fea6fd4c3a2686c3c7e5163cc20db0b56f5d2c01cb419c45ad763398553c6b6f,ea87b60277ba4152b4eee6da461042232cf02a9b494bfc17639dee0ddff760b6,fea6fd4c3a2686c3c7e5163cc20db0b56f5d2c01cb419c45ad763398553c6b6f,a5ae0207e9ab3cb74b04028cf7438a3f0869e6f5aa8648504717ddc3211af765
stag_ratio,WFG4,time_s,lower,654.7449618999963,3,280.5883588999859,0.42854603735437696,1.0,2,0,1,sensitive_default_not_best,fea6fd4c3a2686c3c7e5163cc20db0b56f5d2c01cb419c45ad763398553c6b6f,ea87b60277ba4152b4eee6da461042232cf02a9b494bfc17639dee0ddff760b6,fea6fd4c3a2686c3c7e5163cc20db0b56f5d2c01cb419c45ad763398553c6b6f,a5ae0207e9ab3cb74b04028cf7438a3f0869e6f5aa8648504717ddc3211af765
stag_ratio,WFG9,gd,lower,0.0011994533621931213,3,1.737950646536323e-05,0.014489522488465871,0.71900826446281,2,0,1,sensitive_default_not_best,fea6fd4c3a2686c3c7e5163cc20db0b56f5d2c01cb419c45ad763398553c6b6f,ea87b60277ba4152b4eee6da461042232cf02a9b494bfc17639dee0ddff760b6,fea6fd4c3a2686c3c7e5163cc20db0b56f5d2c01cb419c45ad763398553c6b6f,a5ae0207e9ab3cb74b04028cf7438a3f0869e6f5aa8648504717ddc3211af765
stag_ratio,WFG9,hv,higher,9.879573965988365,1,0.0030172849694878323,0.0003054063849185403,0.2066115702479339,0,2,0,robust_default_not_worse,fea6fd4c3a2686c3c7e5163cc20db0b56f5d2c01cb419c45ad763398553c6b6f,ea87b60277ba4152b4eee6da461042232cf02a9b494bfc17639dee0ddff760b6,fea6fd4c3a2686c3c7e5163cc20db0b56f5d2c01cb419c45ad763398553c6b6f,a5ae0207e9ab3cb74b04028cf7438a3f0869e6f5aa8648504717ddc3211af765
stag_ratio,WFG9,igd,lower,0.00948733893412488,1,3.3651497071476855e-05,0.0035469900785810703,0.10743801652892562,0,2,0,robust_small_effects,fea6fd4c3a2686c3c7e5163cc20db0b56f5d2c01cb419c45ad763398553c6b6f,ea87b60277ba4152b4eee6da461042232cf02a9b494bfc17639dee0ddff760b6,fea6fd4c3a2686c3c7e5163cc20db0b56f5d2c01cb419c45ad763398553c6b6f,a5ae0207e9ab3cb74b04028cf7438a3f0869e6f5aa8648504717ddc3211af765
stag_ratio,WFG9,igd_plus,lower,0.007734318308088433,2,0.00021184199523153254,0.027389872874767955,0.8677685950413223,1,1,1,sensitive_default_not_best,fea6fd4c3a2686c3c7e5163cc20db0b56f5d2c01cb419c45ad763398553c6b6f,ea87b60277ba4152b4eee6da461042232cf02a9b494bfc17639dee0ddff760b6,fea6fd4c3a2686c3c7e5163cc20db0b56f5d2c01cb419c45ad763398553c6b6f,a5ae0207e9ab3cb74b04028cf7438a3f0869e6f5aa8648504717ddc3211af765
stag_ratio,WFG9,spread,lower,0.24813516868980418,2,0.00926354216433678,0.03733264499848955,0.33884297520661155,1,1,0,mixed,fea6fd4c3a2686c3c7e5163cc20db0b56f5d2c01cb419c45ad763398553c6b6f,ea87b60277ba4152b4eee6da461042232cf02a9b494bfc17639dee0ddff760b6,fea6fd4c3a2686c3c7e5163cc20db0b56f5d2c01cb419c45ad763398553c6b6f,a5ae0207e9ab3cb74b04028cf7438a3f0869e6f5aa8648504717ddc3211af765
stag_ratio,WFG9,time_s,lower,1114.086727100017,3,408.69910820003133,0.3668467617991291,1.0,2,0,2,sensitive_default_not_best,fea6fd4c3a2686c3c7e5163cc20db0b56f5d2c01cb419c45ad763398553c6b6f,ea87b60277ba4152b4eee6da461042232cf02a9b494bfc17639dee0ddff760b6,fea6fd4c3a2686c3c7e5163cc20db0b56f5d2c01cb419c45ad763398553c6b6f,a5ae0207e9ab3cb74b04028cf7438a3f0869e6f5aa8648504717ddc3211af765
stag_ratio,ZDT1,gd,lower,0.00016032273258283124,1,4.2486690700114615e-06,0.026500727635841496,0.17355371900826447,0,2,0,robust_default_not_worse,fea6fd4c3a2686c3c7e5163cc20db0b56f5d2c01cb419c45ad763398553c6b6f,ea87b60277ba4152b4eee6da461042232cf02a9b494bfc17639dee0ddff760b6,fea6fd4c3a2686c3c7e5163cc20db0b56f5d2c01cb419c45ad763398553c6b6f,a5ae0207e9ab3cb74b04028cf7438a3f0869e6f5aa8648504717ddc3211af765
stag_ratio,ZDT1,hv,higher,7.350922972707928,2,4.2870522252158594e-05,5.831991766384402e-06,0.45454545454545453,1,1,0,mixed,fea6fd4c3a2686c3c7e5163cc20db0b56f5d2c01cb419c45ad763398553c6b6f,ea87b60277ba4152b4eee6da461042232cf02a9b494bfc17639dee0ddff760b6,fea6fd4c3a2686c3c7e5163cc20db0b56f5d2c01cb419c45ad763398553c6b6f,a5ae0207e9ab3cb74b04028cf7438a3f0869e6f5aa8648504717ddc3211af765
stag_ratio,ZDT1,igd,lower,0.0018851894470433203,3,9.216277436481382e-06,0.00488878051536727,0.30578512396694213,2,0,0,mixed,fea6fd4c3a2686c3c7e5163cc20db0b56f5d2c01cb419c45ad763398553c6b6f,ea87b60277ba4152b4eee6da461042232cf02a9b494bfc17639dee0ddff760b6,fea6fd4c3a2686c3c7e5163cc20db0b56f5d2c01cb419c45ad763398553c6b6f,a5ae0207e9ab3cb74b04028cf7438a3f0869e6f5aa8648504717ddc3211af765
stag_ratio,ZDT1,igd_plus,lower,0.0012311134055858037,2,1.5096398282103294e-05,0.012262394523207988,0.5537190082644629,1,1,0,mixed,fea6fd4c3a2686c3c7e5163cc20db0b56f5d2c01cb419c45ad763398553c6b6f,ea87b60277ba4152b4eee6da461042232cf02a9b494bfc17639dee0ddff760b6,fea6fd4c3a2686c3c7e5163cc20db0b56f5d2c01cb419c45ad763398553c6b6f,a5ae0207e9ab3cb74b04028cf7438a3f0869e6f5aa8648504717ddc3211af765
stag_ratio,ZDT1,spread,lower,0.14304765029866076,1,0.005994315848268733,0.04190432933189433,0.3884297520661157,0,2,0,robust_default_not_worse,fea6fd4c3a2686c3c7e5163cc20db0b56f5d2c01cb419c45ad763398553c6b6f,ea87b60277ba4152b4eee6da461042232cf02a9b494bfc17639dee0ddff760b6,fea6fd4c3a2686c3c7e5163cc20db0b56f5d2c01cb419c45ad763398553c6b6f,a5ae0207e9ab3cb74b04028cf7438a3f0869e6f5aa8648504717ddc3211af765
stag_ratio,ZDT1,time_s,lower,571.3524786999915,1,91.48598800000036,0.1601218011833257,1.0,0,2,2,sensitive_default_best,fea6fd4c3a2686c3c7e5163cc20db0b56f5d2c01cb419c45ad763398553c6b6f,ea87b60277ba4152b4eee6da461042232cf02a9b494bfc17639dee0ddff760b6,fea6fd4c3a2686c3c7e5163cc20db0b56f5d2c01cb419c45ad763398553c6b6f,a5ae0207e9ab3cb74b04028cf7438a3f0869e6f5aa8648504717ddc3211af765
stag_ratio,ZDT3,gd,lower,0.00017261640355557394,3,5.702358060047178e-05,0.3303485614686266,0.10743801652892562,2,0,0,robust_small_effects,fea6fd4c3a2686c3c7e5163cc20db0b56f5d2c01cb419c45ad763398553c6b6f,ea87b60277ba4152b4eee6da461042232cf02a9b494bfc17639dee0ddff760b6,fea6fd4c3a2686c3c7e5163cc20db0b56f5d2c01cb419c45ad763398553c6b6f,a5ae0207e9ab3cb74b04028cf7438a3f0869e6f5aa8648504717ddc3211af765
stag_ratio,ZDT3,hv,higher,7.805983396314495,2,0.00015614252512285987,2.0002928163616226e-05,1.0,1,1,1,sensitive_default_not_best,fea6fd4c3a2686c3c7e5163cc20db0b56f5d2c01cb419c45ad763398553c6b6f,ea87b60277ba4152b4eee6da461042232cf02a9b494bfc17639dee0ddff760b6,fea6fd4c3a2686c3c7e5163cc20db0b56f5d2c01cb419c45ad763398553c6b6f,a5ae0207e9ab3cb74b04028cf7438a3f0869e6f5aa8648504717ddc3211af765
stag_ratio,ZDT3,igd,lower,0.0022637254693022328,2,2.04594791524018e-05,0.009037968353427678,0.5537190082644629,1,1,1,sensitive_default_not_best,fea6fd4c3a2686c3c7e5163cc20db0b56f5d2c01cb419c45ad763398553c6b6f,ea87b60277ba4152b4eee6da461042232cf02a9b494bfc17639dee0ddff760b6,fea6fd4c3a2686c3c7e5163cc20db0b56f5d2c01cb419c45ad763398553c6b6f,a5ae0207e9ab3cb74b04028cf7438a3f0869e6f5aa8648504717ddc3211af765
stag_ratio,ZDT3,igd_plus,lower,0.0006573226527298834,2,6.923666906425666e-05,0.1053313297156494,0.8347107438016529,1,1,1,sensitive_default_not_best,fea6fd4c3a2686c3c7e5163cc20db0b56f5d2c01cb419c45ad763398553c6b6f,ea87b60277ba4152b4eee6da461042232cf02a9b494bfc17639dee0ddff760b6,fea6fd4c3a2686c3c7e5163cc20db0b56f5d2c01cb419c45ad763398553c6b6f,a5ae0207e9ab3cb74b04028cf7438a3f0869e6f5aa8648504717ddc3211af765
stag_ratio,ZDT3,spread,lower,0.4791639919378634,2,0.010194874079447858,0.021276377714062242,0.256198347107438,1,1,0,mixed,fea6fd4c3a2686c3c7e5163cc20db0b56f5d2c01cb419c45ad763398553c6b6f,ea87b60277ba4152b4eee6da461042232cf02a9b494bfc17639dee0ddff760b6,fea6fd4c3a2686c3c7e5163cc20db0b56f5d2c01cb419c45ad763398553c6b6f,a5ae0207e9ab3cb74b04028cf7438a3f0869e6f5aa8648504717ddc3211af765
stag_ratio,ZDT3,time_s,lower,483.5539097999572,2,90.47015720006311,0.18709425229854926,0.9173553719008265,1,1,1,sensitive_default_not_best,fea6fd4c3a2686c3c7e5163cc20db0b56f5d2c01cb419c45ad763398553c6b6f,ea87b60277ba4152b4eee6da461042232cf02a9b494bfc17639dee0ddff760b6,fea6fd4c3a2686c3c7e5163cc20db0b56f5d2c01cb419c45ad763398553c6b6f,a5ae0207e9ab3cb74b04028cf7438a3f0869e6f5aa8648504717ddc3211af765
